aX,aY,aZ,gX,gY,gZ
1.205,-1.289,-0.004,147.949,-889.771,162.903
1.342,-1.189,-0.396,138.306,-957.520,158.936
1.474,-1.318,-0.906,133.789,-1037.415,150.940
1.957,-0.995,-0.750,104.553,-1085.449,136.414
2.358,-0.842,-0.859,78.552,-1082.947,97.473
2.104,-1.051,-1.793,75.989,-1050.842,28.748
1.395,-0.868,-2.214,28.076,-1002.808,-50.293
0.048,-0.723,-1.990,-62.195,-929.932,-103.149
-1.351,-0.641,-1.519,-120.728,-796.753,-123.779
-1.909,-0.172,-1.065,-131.531,-580.811,-115.906
-1.875,-0.017,-0.446,-104.675,-324.829,-83.313
-1.100,-0.405,0.077,-39.185,-83.923,-42.542
0.065,-0.980,0.143,27.771,75.867,-17.639
0.691,-1.396,0.028,51.270,123.474,-12.268
0.650,-1.440,-0.002,26.367,92.346,-21.851
0.380,-1.279,-0.055,-4.456,47.119,-41.443
0.111,-1.050,-0.072,-24.231,19.836,-54.993
-0.091,-0.979,-0.081,-36.072,1.831,-50.781
-0.239,-0.941,-0.110,-42.603,1.038,-41.687
-0.323,-0.914,-0.031,-46.021,32.471,-37.781
-0.447,-0.910,0.067,-42.847,99.060,-43.030
-0.407,-0.880,0.034,-33.875,192.566,-53.955
-0.275,-0.875,-0.116,-16.296,311.157,-70.618
-0.328,-0.828,-0.261,10.254,450.928,-92.957
-0.391,-0.503,-0.442,37.048,596.619,-118.408
-0.219,-0.458,-0.745,76.782,736.023,-147.705
0.096,-0.817,-1.222,132.446,856.384,-180.542
0.371,-1.079,-1.626,168.945,940.735,-217.529
0.666,-1.205,-1.708,170.105,978.760,-234.558
0.779,-1.208,-1.448,147.522,976.318,-210.632
0.777,-1.179,-0.916,120.300,937.439,-170.959
0.978,-1.350,-0.286,109.985,865.479,-129.211
1.304,-1.635,0.206,99.426,758.057,-87.952
1.347,-1.791,0.618,81.177,614.685,-55.908
1.006,-1.655,0.981,47.668,442.078,-31.616
0.522,-1.330,1.034,-1.465,265.381,-7.446
0.036,-0.989,0.764,-25.879,141.479,10.498
-0.376,-0.836,0.637,-8.850,104.675,1.160
-0.528,-0.839,0.549,17.212,109.375,-21.973
-0.336,-0.865,0.372,34.790,108.765,-32.532
-0.171,-0.928,0.175,52.551,102.356,-31.860
-0.162,-0.966,0.012,65.674,91.797,-30.212
-0.133,-1.153,-0.072,75.317,78.125,-26.917
-0.161,-0.991,-0.117,62.866,56.274,-24.292
-0.170,-0.968,-0.197,42.725,29.846,-12.451
-0.173,-0.986,-0.266,30.151,15.259,-5.249
-0.202,-1.016,-0.296,26.672,18.372,-3.113
-0.235,-1.066,-0.301,23.132,31.860,-4.578
-0.184,-1.075,-0.260,17.212,49.988,-8.057
-0.080,-1.037,-0.183,8.850,67.749,-12.756
0.014,-1.071,-0.160,1.953,75.195,-15.259
-0.003,-0.982,-0.109,0.122,70.251,-14.648
-0.026,-1.061,-0.143,5.188,53.345,-6.958
-0.065,-1.036,-0.127,5.859,36.194,-4.089
-0.070,-1.005,-0.114,1.526,18.433,2.380
-0.033,-1.027,-0.116,-1.160,4.089,7.629
-0.016,-1.040,-0.078,-1.892,-1.221,7.324
-0.034,-1.046,-0.052,-4.150,-2.136,4.150
-0.069,-1.052,-0.066,-7.324,-2.197,-0.488
-0.137,-1.033,-0.102,-10.315,-1.953,-4.761
-0.198,-1.003,-0.113,-12.085,-0.732,-6.714
-0.220,-0.985,-0.076,-11.475,1.343,-7.202
-0.202,-0.989,-0.034,-8.911,2.930,-5.615
-0.167,-1.006,-0.015,-5.981,4.333,-3.723
-0.140,-1.029,0.006,-2.991,5.615,-3.235
-0.135,-1.034,0.033,-0.916,5.127,-3.174
-0.159,-1.020,0.046,0.854,3.967,-2.747
-0.176,-1.006,0.029,2.686,3.662,-2.502
-0.163,-1.010,0.000,5.676,3.662,-2.441
-0.150,-1.021,-0.019,7.507,2.502,-2.258
-0.163,-1.027,-0.031,7.812,-0.122,-1.404
-0.178,-1.014,-0.047,7.690,-3.296,-0.610
-0.202,-1.006,-0.071,7.629,-3.784,0.488
-0.209,-1.009,-0.078,6.592,-2.563,1.831
-0.194,-1.011,-0.078,5.676,-1.404,3.174
-0.191,-1.006,-0.071,4.822,-2.380,4.333
-0.186,-1.001,-0.051,4.944,-4.272,4.517
-0.180,-1.000,-0.036,5.188,-5.737,4.822
-0.162,-1.000,-0.030,6.042,-5.127,5.310
-0.135,-0.996,-0.004,6.958,-3.357,5.493
-0.117,-0.999,-0.010,9.033,-2.625,5.554
-0.116,-1.003,-0.007,8.850,-3.357,5.798
-0.112,-1.004,-0.037,9.705,-5.127,5.676
-0.115,-1.003,-0.066,9.094,-8.057,6.042
-0.129,-1.000,-0.074,6.470,-12.024,7.568
-0.150,-0.993,-0.079,4.395,-16.296,9.277
-0.166,-0.992,-0.085,3.296,-18.677,10.498
-0.170,-0.999,-0.075,3.052,-18.372,11.047
-0.155,-0.994,-0.060,2.563,-14.771,10.925
-0.121,-0.992,-0.043,2.869,-9.888,9.644
-0.097,-1.003,-0.039,4.700,-6.348,7.935
-0.118,-1.020,-0.070,6.104,-4.761,6.958
-0.141,-1.023,-0.095,5.493,-3.967,5.798
-0.127,-0.997,-0.093,3.357,-2.258,4.944
-0.111,-0.986,-0.072,2.258,0.732,5.188
-0.095,-1.005,-0.055,4.578,3.967,4.456
-0.082,-1.013,-0.066,7.263,5.249,3.418
-0.108,-1.014,-0.076,7.996,4.639,2.869
-0.140,-1.000,-0.076,7.996,3.540,2.808
-0.142,-0.992,-0.080,8.362,3.418,3.784
-0.122,-0.999,-0.080,8.850,3.357,5.798
-0.110,-1.013,-0.093,8.606,2.319,7.263
-0.103,-1.010,-0.089,7.202,0.977,7.935
-0.094,-1.003,-0.065,5.737,1.282,7.202
-0.103,-1.001,-0.058,5.127,3.723,5.615
-0.126,-1.017,-0.077,5.127,7.446,3.723
-0.125,-1.004,-0.086,4.883,10.132,2.808
-0.099,-0.986,-0.076,3.784,10.193,2.991
-0.085,-0.999,-0.061,4.639,8.545,4.761
-0.079,-1.018,-0.045,5.737,5.493,6.470
-0.073,-1.034,-0.052,5.310,1.099,6.592
-0.086,-1.030,-0.062,3.540,-3.357,6.531
-0.113,-1.008,-0.082,1.648,-6.470,6.348
-0.142,-1.000,-0.092,0.427,-6.470,5.249
-0.152,-0.995,-0.079,0.732,-3.967,4.822
-0.147,-0.994,-0.067,1.709,0.061,4.578
-0.126,-0.994,-0.064,3.113,4.211,3.906
-0.098,-1.005,-0.069,3.845,6.653,3.479
-0.082,-1.025,-0.073,3.540,7.141,3.357

1.436,-1.467,0.738,237.671,-751.465,38.025
2.126,-1.238,0.730,277.588,-846.863,11.902
2.364,-1.039,0.177,285.217,-943.970,-5.981
2.384,-0.800,-0.642,283.386,-1048.218,-21.851
2.462,-0.409,-1.428,263.000,-1145.142,-41.931
2.399,-0.383,-2.078,233.948,-1188.110,-71.533
1.879,-0.327,-2.600,173.950,-1170.593,-107.666
0.821,-0.058,-3.027,88.989,-1093.628,-136.658
-0.644,-0.247,-3.011,-33.813,-937.561,-138.672
-1.309,-0.109,-1.828,-109.680,-657.654,-129.700
-1.032,-0.078,-0.103,-107.300,-325.928,-117.065
-0.324,-0.347,1.014,-52.917,-37.659,-98.938
0.509,-0.788,0.707,37.842,138.184,-83.435
1.137,-1.349,-0.189,109.070,190.002,-77.820
1.390,-1.573,-0.651,96.008,138.611,-83.252
1.150,-1.308,-0.481,21.912,24.475,-83.740
0.708,-1.139,-0.255,-38.879,-99.915,-68.176
0.303,-1.104,-0.284,-62.073,-181.946,-44.250
0.047,-0.946,-0.395,-75.439,-205.444,-20.325
-0.018,-0.903,-0.420,-80.200,-180.054,-2.502
-0.024,-0.966,-0.297,-77.148,-114.441,2.258
-0.060,-0.945,-0.124,-70.496,-26.367,-9.033
-0.049,-0.853,-0.082,-55.237,60.364,-26.367
-0.007,-0.752,-0.096,-32.532,141.541,-40.588
0.104,-0.715,-0.177,-2.930,218.018,-47.424
0.149,-0.719,-0.339,25.818,294.128,-50.293
0.223,-0.928,-0.390,48.157,368.469,-51.147
0.207,-1.003,-0.386,43.762,420.166,-53.467
0.191,-1.106,-0.580,18.799,444.458,-53.223
0.040,-0.851,-0.571,0.427,486.938,-62.012
-0.127,-0.662,-0.580,-10.254,537.659,-71.350
-0.146,-0.801,-0.696,10.132,589.661,-82.886
0.046,-0.925,-0.790,39.734,635.132,-88.196
0.251,-0.775,-0.691,37.476,658.875,-80.017
0.349,-0.716,-0.578,32.654,659.851,-61.462
0.456,-0.782,-0.518,50.415,647.400,-42.053
0.631,-0.966,-0.470,70.313,622.314,-23.193
0.731,-1.280,-0.432,78.552,573.669,-4.944
0.662,-1.481,-0.278,59.021,490.173,10.193
0.529,-1.460,-0.063,16.235,380.737,16.785
0.409,-1.280,0.081,-13.916,271.118,14.282
0.234,-1.078,0.164,-23.560,185.608,12.512
-0.005,-0.970,0.195,-19.897,127.441,13.000
-0.085,-0.934,0.118,-0.244,97.656,12.146
-0.065,-0.883,0.019,23.621,91.064,13.123
-0.043,-0.855,-0.073,42.786,95.276,16.052
0.031,-0.919,-0.197,61.951,96.680,17.090
0.170,-1.069,-0.349,74.219,89.417,16.663
0.240,-1.031,-0.353,65.857,73.730,13.611
0.229,-1.077,-0.364,50.293,48.340,12.756
0.089,-1.109,-0.395,36.987,22.705,8.850
-0.021,-0.984,-0.419,21.851,7.385,3.967
-0.012,-0.880,-0.418,13.794,10.132,1.892
0.052,-0.850,-0.353,17.883,23.376,1.953
0.056,-0.943,-0.405,23.621,26.733,6.042
0.049,-1.039,-0.411,25.574,21.240,7.385
0.032,-0.942,-0.343,19.409,14.587,4.333
0.028,-0.929,-0.325,19.348,10.071,4.211
0.048,-1.028,-0.367,25.208,8.972,3.052
0.043,-1.042,-0.405,23.682,7.202,-1.221
0.022,-0.966,-0.429,16.357,2.319,-4.883
-0.055,-0.943,-0.447,12.146,1.465,-6.226
-0.103,-0.957,-0.461,9.766,5.676,-6.226
-0.145,-0.931,-0.455,5.676,15.259,-5.981
-0.137,-0.920,-0.415,4.333,30.151,-5.432
-0.059,-0.945,-0.368,6.714,45.471,-4.517
0.016,-0.965,-0.353,10.132,54.321,-4.761
0.042,-1.005,-0.346,11.475,50.354,-5.188
0.026,-1.041,-0.348,10.925,35.339,-5.615
-0.059,-1.023,-0.382,5.981,18.188,-6.714
-0.139,-0.954,-0.418,1.526,6.592,-7.385
-0.196,-0.923,-0.412,-1.587,2.136,-4.883
-0.225,-0.926,-0.434,-2.258,4.822,-1.099
-0.160,-0.925,-0.434,-1.770,15.747,1.465
-0.064,-0.946,-0.419,-1.404,31.433,2.075
0.003,-0.996,-0.409,0.183,43.884,-0.793
0.027,-0.984,-0.392,-1.953,49.438,-5.005
0.015,-0.979,-0.366,-4.578,49.377,-7.568
0.005,-0.959,-0.346,-4.761,44.861,-9.033
-0.020,-0.974,-0.335,-3.784,37.109,-8.606
-0.084,-0.966,-0.350,-3.174,28.076,-7.935
-0.113,-0.922,-0.351,-4.028,21.057,-6.348
-0.120,-0.910,-0.339,-3.601,19.775,-4.089
-0.130,-0.937,-0.369,-0.427,22.705,-2.197
-0.128,-0.950,-0.396,0.977,27.954,-1.709
-0.098,-0.935,-0.372,-0.366,33.142,-1.648
-0.082,-0.948,-0.353,-0.549,35.950,-0.854
-0.096,-0.964,-0.357,-0.366,35.461,-0.061
-0.130,-0.973,-0.377,-1.587,32.959,0.671
-0.132,-0.965,-0.389,-2.563,32.166,0.549
-0.172,-0.960,-0.419,-3.967,35.461,0.000
-0.178,-0.948,-0.437,-5.554,43.152,-0.305
-0.148,-0.950,-0.418,-6.714,53.772,0.000
-0.103,-0.960,-0.380,-7.812,65.369,-0.244
-0.068,-0.975,-0.361,-7.629,72.693,-1.465
-0.070,-0.963,-0.336,-8.606,74.280,-1.953
-0.125,-0.979,-0.324,-8.240,70.679,-1.587
-0.141,-0.953,-0.317,-7.385,64.758,-0.305
-0.141,-0.928,-0.307,-7.202,59.204,2.380
-0.125,-0.940,-0.317,-5.676,55.969,4.761
-0.107,-0.951,-0.328,-3.784,57.068,6.165
-0.118,-0.960,-0.325,-2.686,61.584,5.737
-0.117,-0.966,-0.329,-2.258,67.322,4.028
-0.127,-0.965,-0.352,-3.784,72.815,2.747
-0.180,-0.948,-0.362,-7.141,76.172,2.563
-0.196,-0.911,-0.343,-10.376,77.026,3.296
-0.184,-0.915,-0.328,-10.315,77.698,5.798
-0.185,-0.938,-0.311,-10.437,78.735,8.972
-0.158,-0.938,-0.279,-11.841,79.102,11.902
-0.120,-0.948,-0.245,-12.268,77.454,14.221
-0.112,-0.997,-0.227,-10.071,71.533,15.869
-0.109,-1.008,-0.219,-8.362,62.988,15.869
-0.109,-1.003,-0.226,-7.202,55.359,14.832
-0.110,-0.999,-0.236,-6.592,49.255,13.733
-0.119,-0.995,-0.243,-6.714,44.739,12.878
-0.153,-0.971,-0.254,-7.812,43.152,11.963
-0.167,-0.957,-0.256,-8.606,45.227,11.047
-0.169,-0.948,-0.248,-9.583,50.110,10.254
-0.142,-0.944,-0.245,-9.705,57.129,9.705

1.036,-1.203,0.499,154.541,-655.945,79.712
1.303,-1.245,0.171,176.147,-721.863,70.862
1.422,-1.277,-0.394,180.908,-803.406,64.270
1.402,-1.111,-0.795,151.245,-876.587,58.899
1.439,-1.016,-0.894,107.300,-916.199,46.509
1.441,-0.922,-0.831,67.871,-913.940,25.391
1.445,-0.721,-0.865,34.973,-885.315,-3.845
0.866,-0.578,-1.471,10.559,-845.581,-31.311
-0.134,-0.421,-1.917,-31.616,-772.156,-47.180
-0.590,-0.138,-1.404,-80.994,-626.282,-43.884
-0.803,-0.042,-0.449,-91.003,-411.255,-28.320
-0.387,-0.379,0.181,-36.743,-189.819,-11.841
0.354,-0.799,0.260,35.889,-27.527,-9.766
0.610,-1.161,0.099,66.528,32.837,-16.968
0.494,-1.203,-0.088,57.007,2.319,-25.818
0.233,-1.011,-0.157,25.513,-66.711,-24.658
0.033,-0.912,-0.147,0.732,-125.427,-8.423
0.010,-0.873,-0.190,-9.460,-158.264,14.465
0.042,-0.883,-0.288,-18.188,-166.138,34.912
0.064,-0.861,-0.292,-27.771,-144.714,46.753
0.070,-0.831,-0.121,-35.645,-96.924,51.086
0.161,-0.805,0.043,-30.762,-37.659,47.302
0.278,-0.859,0.120,-14.587,14.343,39.551
0.414,-0.942,0.083,0.732,43.091,31.433
0.485,-1.026,0.021,8.362,48.523,23.254
0.462,-1.004,-0.007,6.165,40.894,16.785
0.437,-0.975,-0.025,1.587,33.997,14.160
0.432,-0.994,-0.046,0.183,30.457,14.160
0.434,-1.000,-0.126,-2.991,30.457,14.648
0.479,-1.036,0.126,-7.874,38.818,12.512
0.520,-0.948,0.014,-14.954,39.856,9.277
0.410,-1.004,0.005,-6.592,52.551,2.808
0.379,-0.975,-0.002,-4.944,87.341,-5.188
0.409,-0.959,-0.002,-3.967,125.916,-11.414
0.360,-0.991,-0.061,-2.625,168.945,-19.104
0.339,-0.979,-0.200,-6.104,218.872,-28.259
0.278,-0.922,-0.325,-11.475,284.119,-38.269
0.227,-0.827,-0.416,-17.883,360.901,-46.204
0.299,-0.681,-0.358,-21.118,442.505,-55.054
0.388,-0.729,-0.339,-4.944,526.123,-68.604
0.526,-0.841,-0.418,20.630,602.722,-77.820
0.663,-0.980,-0.539,36.072,657.593,-82.397
0.793,-1.100,-0.660,36.743,678.833,-81.055
0.825,-1.175,-0.682,16.357,658.325,-71.289
0.754,-1.192,-0.619,-15.381,596.863,-57.556
0.652,-1.155,-0.474,-49.133,506.165,-41.748
0.536,-1.077,-0.266,-73.059,413.086,-27.100
0.379,-1.045,-0.035,-78.369,342.468,-17.883
0.245,-0.995,0.113,-73.608,300.354,-10.620
0.178,-0.877,0.153,-59.998,281.677,-5.981
0.209,-0.917,0.123,-33.264,280.334,-9.644
0.288,-1.057,0.104,-4.333,279.236,-16.602
0.367,-1.133,-0.030,3.052,255.127,-20.508
0.340,-1.113,-0.052,-5.676,209.900,-20.508
0.258,-1.020,0.030,-17.517,155.762,-19.531
0.187,-0.965,0.110,-19.531,107.910,-16.479
0.151,-0.980,0.190,-14.160,77.820,-13.367
0.099,-0.912,0.194,-8.301,59.448,-11.719
0.054,-0.947,0.072,2.380,45.044,-8.179
0.017,-0.903,-0.059,8.911,37.231,-6.836
0.002,-0.846,-0.187,14.465,35.828,-3.296
0.027,-0.947,-0.225,21.118,40.222,-0.732
0.006,-0.953,-0.290,18.127,44.128,-1.648
-0.033,-0.868,-0.248,18.005,54.504,-3.174
0.077,-0.958,-0.305,20.996,70.251,-2.075
0.126,-0.986,-0.261,22.949,87.280,-6.897
0.156,-1.047,-0.234,23.071,94.299,-11.108
0.184,-1.047,-0.228,19.287,88.745,-14.099
0.172,-1.063,-0.213,13.855,73.914,-14.404
0.138,-1.072,-0.226,9.766,54.138,-13.733
0.073,-1.044,-0.267,5.432,35.461,-13.184
-0.009,-1.009,-0.310,1.587,22.400,-11.169
-0.047,-0.987,-0.336,0.000,17.944,-8.179
-0.049,-0.987,-0.369,-1.465,22.827,-5.676
-0.014,-1.027,-0.382,-3.540,32.959,-4.517
0.018,-1.043,-0.362,-8.728,41.931,-4.944
0.016,-1.031,-0.318,-15.625,46.814,-6.042
0.004,-1.018,-0.259,-20.264,49.011,-7.324
0.008,-1.003,-0.216,-21.179,51.270,-8.972
0.026,-0.997,-0.192,-18.921,52.551,-9.949
0.051,-1.009,-0.168,-15.625,50.110,-9.827
0.065,-1.012,-0.143,-13.611,43.884,-8.606
0.061,-1.018,-0.106,-13.489,36.255,-7.446
0.042,-1.009,-0.090,-11.658,27.832,-7.507
-0.014,-0.998,-0.124,-8.911,19.531,-7.385
-0.092,-0.961,-0.175,-8.911,14.771,-6.226
-0.112,-0.946,-0.233,-9.583,14.038,-3.967
-0.066,-0.958,-0.241,-10.559,17.273,-1.099
-0.016,-0.982,-0.219,-12.390,21.118,0.305
0.016,-1.002,-0.202,-14.160,23.865,-0.366
0.035,-1.013,-0.181,-15.381,25.391,-2.991
0.040,-1.005,-0.148,-16.113,27.161,-5.493
0.043,-1.000,-0.104,-14.893,27.771,-7.507
0.034,-1.000,-0.090,-10.986,24.719,-8.667
0.023,-1.002,-0.093,-6.287,18.799,-8.484
0.002,-0.990,-0.089,-3.113,10.803,-7.690
-0.047,-0.982,-0.109,-0.427,2.380,-6.287
-0.111,-0.959,-0.165,2.075,-3.479,-4.028
-0.139,-0.947,-0.209,3.540,-3.723,-0.732
-0.126,-0.973,-0.243,4.089,-0.183,2.686
-0.098,-1.001,-0.270,2.869,4.761,4.639
-0.062,-1.017,-0.260,-0.793,10.620,4.883
-0.014,-1.020,-0.221,-4.517,18.860,3.235
0.019,-1.032,-0.198,-5.859,27.039,-0.305
0.031,-1.028,-0.172,-6.714,32.898,-4.333
0.032,-1.021,-0.151,-7.202,34.058,-6.531
0.014,-1.017,-0.127,-5.676,29.724,-7.263
-0.033,-1.002,-0.122,-4.272,21.667,-6.531
-0.090,-0.990,-0.144,-2.197,13.794,-4.700
-0.106,-0.978,-0.172,-0.488,9.460,-1.221
-0.093,-0.989,-0.198,1.099,8.545,2.197
-0.068,-1.012,-0.218,1.770,10.010,4.517
-0.027,-1.014,-0.218,-0.061,13.550,4.883
-0.006,-1.021,-0.197,-1.831,19.043,3.113
-0.001,-1.009,-0.179,-2.930,23.560,0.793
-0.023,-0.999,-0.178,-2.502,26.489,-1.465
-0.034,-1.006,-0.172,-1.709,27.588,-2.258
-0.030,-1.001,-0.146,-1.892,27.527,-2.136
-0.019,-1.008,-0.100,-0.854,26.550,-1.648

1.591,-0.925,-0.915,121.277,-940.186,34.912
1.310,-0.702,-1.465,71.594,-968.323,25.085
0.620,-0.577,-1.957,1.953,-964.905,21.912
0.043,-0.448,-1.841,-63.049,-881.775,22.400
-0.515,-0.274,-1.327,-104.736,-720.215,24.170
-0.704,-0.283,-0.634,-102.478,-511.414,28.320
-0.312,-0.416,0.140,-64.209,-299.194,31.128
0.285,-0.634,0.509,0.488,-123.352,28.748
0.550,-0.969,0.383,54.871,-12.939,30.090
0.530,-1.333,0.126,76.965,17.517,30.762
0.524,-1.294,-0.055,55.359,-17.700,24.353
0.488,-1.105,-0.178,23.560,-79.407,20.447
0.446,-1.030,-0.266,-1.648,-133.545,26.184
0.427,-1.017,-0.182,-22.034,-160.156,34.058
0.452,-0.977,0.014,-37.048,-154.114,38.208
0.459,-0.916,0.236,-41.016,-122.864,36.560
0.393,-0.903,0.309,-29.541,-80.139,29.053
0.364,-0.888,0.255,-12.573,-38.940,21.362
0.384,-0.913,0.184,-0.488,-8.179,16.663
0.452,-0.953,0.130,9.033,10.620,13.123
0.525,-0.939,0.153,12.512,18.677,10.132
0.620,-1.005,0.142,14.893,16.724,6.348
0.634,-0.978,0.101,16.052,9.644,0.793
0.509,-1.020,0.263,11.047,-4.395,-0.549
0.509,-0.971,0.130,3.784,-39.734,0.916
0.356,-0.984,0.096,6.897,-53.650,1.526
0.251,-0.978,0.028,3.479,-49.255,2.441
0.246,-0.920,-0.033,0.183,-32.471,2.319
0.240,-0.932,-0.005,-0.305,-7.751,3.540
0.255,-0.865,0.130,3.906,24.719,3.479
0.354,-0.943,0.149,14.404,54.993,2.380
0.422,-0.954,0.156,23.010,73.792,-3.784
0.411,-0.960,0.124,26.428,72.937,-6.470
0.342,-0.962,0.105,29.419,65.979,-8.118
0.315,-0.943,0.092,28.015,59.875,-6.470
0.332,-0.937,0.090,27.466,56.396,-4.395
0.347,-0.950,0.112,29.175,55.237,-2.136
0.356,-0.944,0.078,28.137,53.040,-0.549
0.331,-0.939,0.051,28.503,58.044,-0.244
0.355,-0.939,0.012,27.405,66.772,0.183
0.406,-0.952,0.030,26.184,77.881,-0.183
0.454,-0.958,0.074,25.696,90.088,-2.075
0.519,-0.953,0.098,27.466,101.501,-5.920
0.543,-0.984,0.098,31.494,107.239,-11.658
0.511,-1.002,0.068,34.241,106.506,-17.517
0.450,-1.010,0.005,33.508,105.713,-22.217
0.385,-1.005,-0.039,31.433,108.521,-24.170
0.349,-0.989,-0.093,27.771,112.671,-23.621
0.304,-1.005,-0.204,23.132,116.455,-21.057
0.281,-1.002,-0.245,12.878,127.991,-18.799
0.316,-0.957,-0.177,2.808,152.771,-17.334
0.402,-0.943,-0.133,0.427,186.768,-18.188
0.501,-0.966,-0.094,4.272,220.947,-24.170
0.579,-0.981,-0.056,9.521,243.042,-33.447
0.553,-0.982,-0.003,12.695,249.878,-42.114
0.497,-0.990,-0.016,14.404,242.676,-48.096
0.414,-1.013,-0.102,14.587,225.769,-50.110
0.305,-1.024,-0.194,9.399,205.383,-47.852
0.228,-1.000,-0.217,-0.549,185.608,-41.138
0.205,-0.987,-0.168,-10.620,168.457,-31.067
0.146,-0.935,-0.123,-19.287,155.457,-21.423
0.116,-0.895,-0.077,-22.278,148.804,-17.395
0.151,-0.891,-0.085,-15.808,151.489,-18.433
0.193,-0.926,-0.130,-8.545,155.884,-21.423
0.224,-0.930,-0.129,-7.141,151.917,-22.278
0.243,-0.915,-0.049,-10.437,141.174,-21.790
0.219,-0.934,0.014,-8.728,128.601,-21.973
0.171,-0.960,0.005,-4.089,115.723,-21.118
0.122,-0.960,-0.111,1.587,103.821,-18.433
0.108,-0.977,-0.217,5.188,93.933,-14.038
0.127,-0.958,-0.201,1.831,83.374,-7.507
0.150,-0.973,-0.160,-4.333,70.129,0.916
0.178,-1.000,-0.106,-5.737,61.340,5.249
0.206,-0.984,-0.068,-5.676,58.350,5.249
0.227,-0.966,-0.062,-3.601,58.899,2.991
0.235,-0.970,-0.095,1.160,59.509,-0.732
0.232,-0.993,-0.163,4.639,57.129,-3.662
0.228,-0.997,-0.206,4.517,52.612,-5.554
0.216,-0.990,-0.192,1.526,47.302,-6.104
0.203,-0.986,-0.190,-0.427,43.701,-5.981
0.179,-0.994,-0.217,-1.587,44.678,-5.676
0.188,-0.995,-0.251,-1.770,48.157,-5.066
0.192,-1.002,-0.258,-2.563,50.476,-3.784
0.165,-0.984,-0.239,-4.822,48.035,-1.282
0.139,-0.975,-0.224,-6.165,44.128,1.648
0.164,-0.999,-0.186,-5.493,43.274,3.357
0.195,-1.008,-0.152,-3.784,44.189,2.747
0.223,-1.005,-0.127,-3.540,46.204,0.183
0.219,-1.013,-0.142,-2.991,45.715,-3.235
0.197,-1.001,-0.192,-2.808,44.922,-6.592
0.172,-0.982,-0.214,-4.395,46.875,-8.789
0.140,-0.975,-0.247,-5.798,49.377,-8.728
0.114,-0.984,-0.266,-7.690,51.147,-6.836
0.156,-0.978,-0.211,-10.254,53.223,-4.578
0.187,-0.978,-0.155,-11.047,52.551,-2.502
0.183,-0.987,-0.110,-10.803,46.875,-0.366
0.163,-1.004,-0.107,-9.338,40.466,0.000
0.144,-1.001,-0.127,-7.324,36.377,-1.343
0.125,-0.981,-0.144,-6.958,34.485,-2.014
0.115,-0.973,-0.158,-6.958,36.560,-2.197
0.126,-0.979,-0.177,-5.981,39.673,-1.587
0.125,-0.981,-0.197,-7.202,39.673,0.122
0.107,-0.953,-0.192,-9.521,37.659,2.686
0.104,-0.981,-0.171,-7.629,37.354,5.188
0.157,-0.996,-0.148,-5.371,38.757,6.470
0.178,-1.021,-0.120,-4.211,36.560,6.714
0.162,-1.025,-0.125,-4.150,31.799,6.165
0.137,-1.002,-0.144,-4.700,29.175,4.578
0.133,-0.987,-0.161,-4.944,28.931,3.845
0.145,-0.987,-0.192,-4.517,30.518,3.906
0.155,-0.999,-0.202,-4.822,33.264,3.296
0.165,-1.001,-0.189,-5.493,36.316,2.075
0.172,-0.998,-0.175,-5.981,38.513,0.610
0.177,-1.004,-0.161,-5.615,40.039,-0.916
0.179,-1.007,-0.151,-5.310,40.771,-2.380
0.170,-1.000,-0.177,-5.371,41.016,-3.418
0.143,-1.000,-0.200,-6.470,40.527,-3.784
0.135,-0.989,-0.189,-8.423,41.687,-3.296
0.136,-0.994,-0.177,-8.911,43.640,-2.686

0.778,-1.024,1.002,139.832,-695.740,107.605
0.853,-1.112,1.055,173.401,-786.011,107.178
1.054,-1.094,0.862,202.026,-843.567,107.117
1.426,-1.076,0.464,216.736,-875.793,103.516
1.631,-1.192,0.093,218.384,-910.889,95.947
1.708,-0.990,-0.043,184.631,-954.773,81.055
1.916,-0.801,-0.420,148.437,-991.577,54.688
1.796,-0.788,-0.852,123.962,-1022.095,27.771
1.519,-0.599,-1.269,60.425,-1042.358,8.789
1.016,-0.324,-2.039,-20.203,-1021.729,1.465
0.365,-0.373,-2.141,-101.074,-915.161,3.601
-0.394,-0.277,-0.996,-171.387,-712.341,9.766
-0.711,-0.137,0.450,-193.604,-468.811,21.973
-0.216,-0.293,1.230,-119.507,-220.093,38.208
0.422,-0.726,0.915,8.545,2.136,50.781
0.775,-1.107,0.224,95.703,145.386,49.072
0.936,-1.255,-0.219,103.882,178.284,33.386
0.924,-1.255,-0.248,63.416,118.774,18.066
0.735,-1.138,-0.057,16.296,14.282,14.465
0.535,-1.065,0.001,-14.526,-86.792,22.949
0.480,-1.011,-0.066,-29.053,-151.367,32.959
0.494,-0.975,-0.238,-39.551,-170.654,39.368
0.438,-0.956,-0.278,-51.147,-142.578,38.330
0.456,-0.907,-0.086,-53.589,-74.036,29.053
0.420,-0.829,0.167,-42.236,12.512,17.334
0.606,-0.958,0.423,-18.066,95.337,5.127
0.756,-0.978,0.282,3.540,154.114,-9.094
0.730,-1.021,0.298,27.344,209.778,-28.259
0.707,-1.024,0.211,40.344,260.071,-51.086
0.681,-0.970,0.195,44.861,295.959,-69.092
0.565,-0.921,0.161,43.030,308.838,-77.515
0.457,-0.949,0.106,43.701,304.810,-79.224
0.412,-0.970,0.081,44.312,296.631,-74.280
0.429,-0.992,0.126,39.673,286.011,-66.223
0.383,-0.955,0.076,33.203,269.287,-59.021
0.359,-0.981,0.191,30.029,254.028,-53.528
0.414,-0.889,0.257,20.630,232.788,-49.011
0.410,-0.885,0.304,24.109,213.562,-46.143
0.303,-0.899,0.316,33.142,203.735,-46.448
0.244,-0.850,0.246,38.452,191.895,-45.593
0.245,-0.844,0.127,44.250,176.453,-41.992
0.235,-0.875,0.039,49.072,162.415,-37.537
0.199,-0.890,0.020,51.208,149.170,-33.386
0.166,-0.883,-0.007,49.194,135.071,-27.954
0.181,-0.890,-0.063,47.180,119.934,-21.484
0.201,-0.921,-0.104,46.692,102.783,-16.113
0.176,-0.938,-0.093,43.091,83.801,-11.047
0.142,-0.944,-0.130,37.537,64.026,-6.104
0.162,-0.949,-0.185,34.790,52.246,-3.174
0.200,-0.918,-0.207,31.433,52.185,-2.136
0.225,-0.926,-0.228,30.823,55.359,-0.671
0.244,-0.947,-0.252,29.358,58.777,0.854
0.238,-0.964,-0.284,27.161,64.453,0.854
0.263,-0.985,-0.300,25.757,72.815,-0.244
0.272,-0.991,-0.339,24.048,83.984,-2.136
0.332,-0.996,-0.374,21.423,95.032,-3.967
0.380,-1.016,-0.367,17.090,99.915,-5.676
0.355,-1.042,-0.313,9.521,94.971,-7.080
0.301,-1.019,-0.282,2.380,85.815,-9.338
0.265,-0.966,-0.303,-0.305,81.055,-9.949
0.254,-1.010,-0.286,0.427,83.557,-9.521
0.252,-0.928,-0.297,0.854,92.163,-10.193
0.224,-0.917,-0.299,3.967,104.309,-8.545
0.238,-0.976,-0.331,4.822,113.037,-6.653
0.263,-0.990,-0.296,2.136,120.911,-6.775
0.270,-0.984,-0.253,-2.869,124.023,-7.507
0.272,-1.005,-0.231,-5.066,121.216,-8.118
0.281,-1.029,-0.244,-6.165,114.441,-8.911
0.271,-1.020,-0.248,-8.606,104.248,-10.254
0.230,-0.995,-0.245,-11.963,93.872,-11.169
0.208,-0.979,-0.253,-13.306,85.876,-10.803
0.168,-0.965,-0.281,-15.015,80.200,-8.972
0.153,-0.958,-0.266,-17.761,77.271,-6.836
0.171,-0.963,-0.246,-18.494,77.209,-5.981
0.170,-0.967,-0.248,-18.677,79.651,-5.920
0.177,-0.962,-0.253,-17.517,84.106,-6.897
0.142,-0.961,-0.282,-17.334,89.539,-7.812
0.144,-0.939,-0.300,-18.188,96.802,-7.690
0.174,-0.955,-0.327,-17.883,102.478,-6.592
0.204,-0.998,-0.319,-20.081,101.563,-5.310
0.219,-1.001,-0.275,-25.452,94.727,-4.333
0.212,-1.002,-0.224,-27.710,85.999,-4.822
0.169,-0.990,-0.183,-27.466,79.895,-4.578
0.142,-0.968,-0.195,-25.391,77.087,-3.174
0.136,-0.979,-0.221,-22.583,76.721,-0.244
0.115,-0.953,-0.219,-20.813,76.721,2.502
0.154,-1.009,-0.262,-19.653,76.050,3.967
0.219,-0.995,-0.232,-21.545,77.454,1.526
0.222,-0.959,-0.194,-24.597,77.026,-0.366
0.185,-0.968,-0.230,-25.635,72.144,-0.854
0.143,-0.976,-0.229,-25.330,71.594,-2.014
0.133,-0.952,-0.194,-26.550,76.477,-3.967
0.138,-0.961,-0.200,-24.658,81.299,-4.883
0.141,-0.951,-0.171,-23.071,82.458,-4.578
0.098,-0.983,-0.157,-20.935,81.055,-2.014
0.109,-1.004,-0.154,-17.700,79.346,0.854
0.123,-0.996,-0.170,-16.357,76.965,2.441
0.097,-1.000,-0.212,-16.052,73.730,3.906
0.108,-0.987,-0.214,-18.127,72.266,4.822
0.132,-0.986,-0.230,-20.691,73.608,5.188
0.147,-1.000,-0.266,-23.560,74.097,4.150
0.148,-0.997,-0.249,-29.297,74.585,1.038
0.162,-0.988,-0.169,-33.081,79.834,-3.418
0.176,-1.008,-0.106,-31.982,87.097,-6.958
0.164,-1.020,-0.099,-28.381,90.515,-9.888
0.112,-1.008,-0.124,-26.123,87.769,-11.169
0.089,-0.995,-0.152,-25.269,83.862,-9.521
0.111,-0.999,-0.168,-23.804,82.275,-6.531
0.123,-1.011,-0.169,-22.766,78.064,-4.150
0.118,-1.008,-0.148,-24.292,70.496,-2.319
0.101,-1.003,-0.107,-26.794,66.528,-1.892
0.116,-0.968,-0.107,-25.208,67.139,-3.235
0.113,-0.978,-0.131,-23.560,70.251,-4.089
0.120,-0.974,-0.130,-22.461,74.951,-4.883
0.129,-1.011,-0.098,-19.714,79.285,-5.920
0.135,-1.034,-0.059,-17.883,81.055,-7.935
0.139,-1.040,-0.031,-16.602,80.017,-10.803
0.122,-1.050,-0.051,-13.672,75.928,-12.878
0.076,-1.046,-0.094,-13.000,68.604,-13.367

0.850,-1.154,0.779,123.291,-606.201,77.148
0.951,-1.227,0.675,158.264,-703.064,70.313
1.060,-1.176,0.544,176.086,-771.851,54.016
1.078,-1.054,0.382,183.838,-814.819,36.377
1.287,-1.001,0.118,192.871,-849.121,18.860
1.471,-1.074,-0.442,194.519,-890.015,3.967
1.531,-0.969,-0.956,145.752,-945.068,-3.723
1.561,-0.658,-1.360,66.040,-981.018,-5.066
1.358,-0.579,-1.669,8.667,-978.210,-4.517
1.122,-0.636,-1.678,-41.382,-952.209,-6.653
0.786,-0.640,-1.424,-96.497,-896.118,-11.353
0.442,-0.645,-1.052,-133.911,-794.067,-17.273
0.039,-0.610,-0.590,-139.404,-647.583,-26.611
-0.252,-0.577,-0.097,-120.483,-486.328,-28.137
-0.293,-0.613,0.236,-78.552,-328.125,-20.691
-0.207,-0.690,0.344,-22.034,-181.030,-7.935
-0.002,-0.874,0.203,32.104,-59.998,5.249
0.244,-1.025,-0.068,65.125,18.982,14.343
0.498,-1.115,-0.269,69.031,60.059,16.052
0.659,-1.206,-0.394,57.434,70.496,11.108
0.644,-1.240,-0.440,30.701,57.739,3.357
0.505,-1.168,-0.382,-3.845,37.048,-2.991
0.370,-1.053,-0.276,-27.893,23.315,-6.042
0.244,-1.027,-0.265,-35.522,25.269,-5.981
0.121,-1.018,-0.253,-31.494,51.758,-5.920
0.050,-1.021,-0.344,-19.653,103.149,-9.583
0.053,-1.016,-0.415,-7.385,178.833,-16.724
0.125,-0.831,-0.382,6.042,273.254,-26.001
0.299,-0.879,-0.481,32.715,366.577,-30.090
0.525,-1.095,-0.703,58.960,448.059,-35.095
0.761,-1.156,-0.458,63.843,512.756,-48.218
0.890,-1.122,-0.457,37.048,524.841,-58.044
0.887,-1.138,-0.277,20.020,510.132,-65.613
0.694,-1.034,-0.098,10.925,493.774,-76.233
0.485,-1.006,0.036,4.089,469.177,-83.313
0.359,-1.010,0.089,8.545,441.833,-86.121
0.279,-1.021,0.074,15.503,417.236,-85.388
0.183,-0.968,0.025,20.325,398.804,-83.801
0.092,-0.964,-0.046,24.475,381.958,-77.576
0.060,-0.924,-0.108,25.208,367.493,-68.970
0.102,-0.881,-0.097,28.931,364.441,-60.852
0.256,-0.855,-0.065,34.851,367.432,-55.969
0.384,-0.927,-0.019,41.382,357.727,-50.903
0.391,-1.054,0.020,41.016,323.792,-46.448
0.318,-1.099,0.045,31.616,270.142,-44.617
0.187,-1.055,0.085,18.555,218.262,-44.556
0.030,-1.017,0.087,9.949,180.542,-43.640
-0.127,-1.000,0.007,7.812,157.715,-39.978
-0.198,-0.969,-0.072,6.165,146.545,-34.668
-0.184,-0.904,-0.149,3.235,146.484,-27.283
-0.237,-0.872,-0.228,4.150,157.532,-18.616
-0.252,-0.876,-0.263,11.902,176.331,-13.306
-0.183,-0.885,-0.242,17.029,195.251,-8.972
-0.033,-0.867,-0.198,20.935,208.862,-5.371
0.098,-1.049,-0.223,28.748,210.266,-3.418
0.166,-1.181,-0.213,25.574,190.369,-5.493
0.140,-1.169,-0.127,7.935,154.663,-8.606
0.012,-1.133,-0.061,-3.967,117.126,-11.230
-0.117,-1.025,-0.069,-7.141,86.853,-13.184
-0.289,-0.836,-0.021,-5.859,73.547,-5.859
-0.335,-0.919,-0.155,5.676,72.632,7.202
-0.254,-0.930,-0.205,15.259,84.412,13.733
-0.157,-0.922,-0.194,14.587,91.248,17.883
-0.070,-0.973,-0.137,13.794,91.736,20.813
-0.048,-1.000,-0.139,14.404,89.722,20.508
-0.030,-1.058,-0.164,14.038,85.388,17.029
-0.031,-1.072,-0.153,10.071,81.299,13.855
-0.034,-1.066,-0.121,4.272,76.294,9.949
-0.042,-1.069,-0.101,0.305,67.322,7.080
-0.067,-1.070,-0.085,-3.052,54.321,4.517
-0.097,-1.037,-0.109,-5.737,43.518,2.380
-0.119,-0.993,-0.134,-7.324,40.161,0.183
-0.114,-0.958,-0.171,-7.690,44.006,-0.488
-0.121,-0.979,-0.170,-5.127,54.688,-1.770
-0.143,-0.975,-0.151,-3.296,65.430,-3.235
-0.168,-0.938,-0.125,-2.686,73.364,-3.418
-0.153,-0.901,-0.119,0.427,79.407,-0.732
-0.138,-1.019,-0.171,6.165,80.627,4.456
-0.098,-1.056,-0.182,5.005,71.350,7.751
-0.094,-1.034,-0.142,-2.747,55.176,9.155
-0.136,-1.012,-0.103,-5.920,41.626,9.216
-0.181,-0.988,-0.116,-5.371,35.217,9.644
-0.192,-0.968,-0.144,-3.479,37.659,10.498
-0.179,-0.958,-0.173,-1.404,46.021,10.864
-0.158,-0.972,-0.173,0.427,58.289,10.315
-0.103,-0.995,-0.162,2.075,70.435,8.545
-0.050,-1.057,-0.160,2.869,78.857,5.249
-0.044,-1.084,-0.160,-1.831,78.979,2.197
-0.088,-1.065,-0.115,-8.240,71.533,-0.977
-0.136,-1.016,-0.071,-13.611,60.852,-2.197
-0.204,-0.986,-0.057,-13.672,52.490,-1.160
-0.208,-0.955,-0.061,-10.620,47.791,2.380
-0.180,-0.965,-0.070,-7.263,43.335,7.446
-0.149,-0.995,-0.082,-4.639,39.673,11.902
-0.121,-0.998,-0.075,-4.272,38.025,13.794
-0.094,-0.998,-0.064,-4.700,38.025,13.916
-0.078,-1.007,-0.052,-4.089,41.382,12.085
-0.078,-1.023,-0.069,-2.380,46.997,8.545
-0.076,-1.020,-0.093,-1.648,50.964,4.150
-0.102,-1.019,-0.089,-2.686,50.232,1.099
-0.126,-0.996,-0.063,-4.700,45.288,0.244
-0.142,-0.972,-0.060,-5.127,40.039,1.038
-0.152,-0.969,-0.090,-3.662,36.377,3.113
-0.132,-0.965,-0.096,-2.075,33.997,5.798
-0.104,-0.978,-0.069,-1.526,33.691,8.240
-0.079,-1.031,-0.048,0.366,34.973,8.972
-0.075,-1.053,-0.067,2.869,34.851,7.324
-0.096,-1.041,-0.072,2.197,32.532,4.517
-0.139,-1.011,-0.069,1.282,30.457,2.380
-0.156,-0.989,-0.062,1.404,30.151,1.892
-0.152,-0.990,-0.050,4.333,31.494,2.563
-0.139,-1.000,-0.039,6.836,32.043,4.028
-0.129,-1.022,-0.045,9.094,32.043,5.554
-0.118,-1.037,-0.060,11.353,30.945,5.676
-0.154,-1.009,-0.086,10.681,28.137,5.249
-0.166,-0.989,-0.096,8.850,26.306,5.737
-0.134,-0.977,-0.080,8.118,26.672,7.324
-0.137,-1.003,-0.074,8.240,28.076,8.789
-0.139,-1.019,-0.091,8.362,27.466,9.094

0.994,-1.189,0.793,136.597,-561.523,5.920
1.146,-1.157,0.502,178.833,-650.085,-6.531
1.274,-1.157,0.212,205.505,-732.788,-21.301
1.591,-1.312,-0.054,219.177,-799.988,-43.152
2.026,-1.149,-0.375,197.815,-868.286,-70.984
2.185,-0.909,-0.719,163.330,-938.782,-100.525
2.072,-0.716,-1.328,127.380,-1009.338,-135.193
1.769,-0.300,-1.837,76.721,-1064.148,-159.363
1.439,-0.138,-2.193,9.888,-1074.890,-160.278
0.477,-0.400,-2.583,-52.612,-1029.602,-148.193
-0.693,-0.397,-2.391,-125.671,-913.391,-129.028
-1.378,-0.163,-1.189,-175.171,-709.167,-92.529
-1.526,-0.270,0.111,-153.809,-460.693,-40.344
-0.817,-0.550,0.892,-72.327,-223.877,7.629
0.110,-0.886,0.832,24.780,-34.607,35.522
0.738,-1.231,0.387,87.341,72.815,40.039
1.003,-1.305,0.026,92.834,78.064,23.743
0.877,-1.200,-0.210,60.608,14.954,2.686
0.510,-1.190,-0.623,26.306,-60.364,-7.385
0.231,-1.044,-0.777,-16.418,-101.807,-2.686
0.155,-0.963,-0.511,-57.983,-100.037,12.817
0.190,-0.985,-0.170,-73.608,-75.623,26.428
0.227,-0.979,0.094,-68.542,-40.344,32.532
0.264,-1.019,0.227,-45.471,4.700,26.550
0.359,-1.054,0.212,-13.977,58.899,13.672
0.442,-0.840,0.215,13.977,126.526,-0.610
0.536,-0.869,0.094,53.772,193.787,-7.629
0.540,-0.967,-0.133,89.294,250.000,-13.000
0.503,-1.155,-0.378,103.821,288.025,-18.311
0.463,-1.182,-0.536,93.079,310.303,-25.513
0.465,-1.183,-0.418,68.909,324.829,-32.288
0.410,-1.109,-0.287,41.382,312.195,-31.067
0.313,-1.099,-0.250,24.231,274.231,-23.315
0.139,-0.850,-0.084,13.000,261.292,-20.813
0.098,-0.817,-0.002,23.926,258.301,-18.494
0.194,-0.912,-0.132,47.668,257.080,-14.771
0.264,-0.935,-0.262,54.688,259.766,-12.512
0.252,-0.930,-0.332,55.298,263.611,-14.893
0.170,-0.958,-0.336,48.523,261.536,-14.832
0.111,-0.971,-0.272,38.391,255.920,-11.963
0.074,-0.963,-0.240,27.832,246.704,-6.287
0.037,-0.920,-0.242,18.799,234.924,1.099
0.075,-0.908,-0.234,17.029,225.525,3.174
0.138,-0.943,-0.219,20.325,215.210,2.380
0.124,-0.983,-0.243,20.020,199.768,1.343
0.046,-0.916,-0.255,15.625,181.396,1.404
0.053,-0.934,-0.280,13.733,166.870,3.174
0.114,-0.978,-0.300,14.893,157.166,4.456
0.122,-0.971,-0.309,10.620,145.264,5.066
0.100,-0.977,-0.341,8.545,133.362,4.333
0.067,-0.973,-0.320,6.714,126.404,4.395
0.041,-0.971,-0.358,4.883,121.643,6.042
0.034,-0.957,-0.408,3.479,119.751,9.521
0.082,-0.993,-0.385,0.488,117.432,13.062
0.128,-1.049,-0.327,-3.845,105.957,15.442
0.152,-1.026,-0.278,-9.949,87.769,15.015
0.140,-1.000,-0.223,-12.329,72.083,13.062
0.117,-0.990,-0.180,-9.644,62.622,11.169
0.130,-0.965,-0.167,-5.371,57.190,10.681
0.158,-0.986,-0.248,-1.465,55.359,8.301
0.089,-0.898,-0.301,0.549,64.758,4.395
0.087,-0.918,-0.351,4.089,80.933,2.991
0.135,-0.958,-0.368,7.202,99.670,0.549
0.148,-0.997,-0.387,6.042,109.131,-1.526
0.117,-1.002,-0.367,0.305,106.812,-2.625
0.116,-1.003,-0.307,-4.150,97.473,-1.526
0.083,-1.011,-0.269,-5.615,84.106,0.366
0.042,-1.006,-0.263,-5.859,70.435,2.686
0.001,-0.984,-0.268,-5.554,60.791,5.127
-0.011,-0.964,-0.292,-5.554,55.542,7.935
0.025,-0.960,-0.331,-6.409,53.955,10.864
0.043,-0.960,-0.345,-8.850,54.138,12.085
0.050,-0.949,-0.319,-12.390,54.565,11.292
0.030,-0.974,-0.276,-12.207,58.899,9.033
0.036,-0.924,-0.286,-10.193,67.383,6.165
0.023,-0.962,-0.346,-8.301,75.439,6.104
0.034,-1.000,-0.363,-7.080,77.942,7.263
0.064,-0.999,-0.342,-9.766,74.524,7.690
0.052,-1.023,-0.287,-13.062,67.444,8.301
0.047,-1.033,-0.259,-13.916,59.021,8.301
0.042,-1.021,-0.246,-13.306,52.368,7.629
0.043,-1.001,-0.230,-13.855,46.204,7.629
0.028,-0.993,-0.213,-14.404,41.870,8.179
0.007,-0.945,-0.211,-14.648,41.870,8.606
0.001,-0.878,-0.279,-13.062,46.997,10.071
-0.020,-0.963,-0.363,-9.705,56.274,12.024
0.066,-0.992,-0.398,-7.935,67.383,10.132
0.078,-0.935,-0.307,-14.099,73.608,7.568
0.059,-1.001,-0.307,-14.160,69.519,7.751
0.041,-1.029,-0.325,-17.090,65.247,8.911
0.030,-1.019,-0.288,-24.841,60.181,10.864
0.023,-1.016,-0.237,-31.494,50.842,14.404
0.003,-0.984,-0.210,-35.339,42.969,17.883
0.000,-0.991,-0.209,-33.569,42.908,20.325
-0.011,-0.965,-0.179,-32.593,48.401,20.874
0.027,-0.986,-0.169,-27.893,58.838,17.517
0.078,-1.022,-0.200,-20.752,73.303,12.268
0.110,-1.027,-0.243,-19.043,85.510,5.859
0.122,-1.018,-0.261,-22.034,90.149,0.122
0.089,-1.015,-0.225,-26.306,87.463,-3.662
0.035,-0.990,-0.189,-29.053,82.397,-5.249
-0.013,-0.977,-0.218,-28.198,81.238,-4.272
-0.024,-0.988,-0.250,-25.574,83.801,-2.014
0.015,-1.002,-0.241,-24.231,87.891,-0.671
0.037,-1.030,-0.226,-25.574,88.318,-0.549
0.033,-1.048,-0.176,-28.809,84.961,-0.977
0.017,-1.038,-0.117,-33.386,82.092,-1.404
-0.005,-1.001,-0.098,-36.011,80.811,-0.916
-0.009,-0.990,-0.101,-33.386,80.688,-1.282
-0.022,-1.013,-0.099,-26.794,80.383,-1.587
-0.007,-1.025,-0.032,-22.278,80.261,-2.319
0.028,-1.041,-0.018,-15.991,80.627,-4.272
0.054,-1.067,-0.101,-10.193,79.041,-6.226
0.067,-1.079,-0.219,-13.306,73.792,-8.423
-0.015,-1.044,-0.244,-26.123,62.256,-11.047
-0.061,-0.967,-0.196,-38.513,49.622,-13.367
-0.033,-0.926,-0.148,-39.917,49.866,-14.465
0.022,-0.921,-0.105,-33.569,62.378,-14.709
0.021,-1.020,-0.097,-25.085,74.951,-15.259

0.689,-1.387,0.521,-60.486,-601.501,23.743
0.608,-1.054,0.659,-129.333,-656.982,51.208
0.651,-0.949,0.511,-153.320,-693.115,83.557
0.535,-0.914,0.218,-164.551,-726.624,126.221
0.352,-0.699,-0.046,-177.307,-747.864,173.523
0.188,-0.622,-0.183,-154.785,-743.286,217.346
0.197,-0.787,-0.215,-88.501,-704.651,245.422
0.304,-0.980,-0.243,-17.639,-641.602,251.648
0.491,-1.072,-0.313,12.939,-583.191,241.516
0.616,-1.145,-0.343,-0.549,-541.077,224.609
0.624,-1.028,-0.284,-23.315,-499.939,201.050
0.542,-0.929,-0.090,-26.611,-460.510,177.063
0.465,-0.944,0.151,-7.324,-430.237,158.569
0.419,-1.014,0.230,14.343,-401.611,140.564
0.447,-0.898,0.266,21.851,-362.610,123.108
0.462,-0.848,0.223,26.367,-317.200,105.042
0.464,-0.898,0.053,29.968,-265.076,83.801
0.398,-0.895,-0.040,36.621,-203.003,56.030
0.279,-0.883,-0.003,49.133,-145.142,29.968
0.175,-1.002,0.058,56.885,-101.013,13.123
0.071,-1.006,0.060,65.613,-61.035,0.671
0.035,-1.021,0.014,75.928,-21.851,-7.141
0.114,-1.074,-0.056,76.233,17.090,-11.719
0.225,-1.075,-0.106,73.914,58.899,-18.738
0.273,-1.080,-0.107,78.491,89.050,-28.015
0.290,-1.095,-0.115,75.195,90.271,-32.654
0.265,-1.133,-0.110,63.110,68.359,-28.870
0.166,-1.115,-0.142,48.950,40.955,-20.935
0.079,-1.077,-0.183,34.851,19.104,-11.230
0.029,-1.084,-0.194,22.583,6.958,-0.427
0.012,-1.114,-0.301,14.160,5.798,8.057
0.131,-1.068,-0.047,5.615,15.869,9.460
0.177,-1.019,-0.078,-6.409,14.648,9.460
0.092,-1.012,0.003,-10.254,21.729,5.371
0.048,-0.920,0.075,-6.714,47.180,-3.540
0.079,-0.931,0.168,3.723,77.271,-9.949
0.182,-0.938,0.256,15.625,102.173,-15.991
0.257,-0.921,0.328,28.381,119.446,-21.729
0.281,-0.947,0.349,43.945,128.845,-25.635
0.272,-0.986,0.302,57.373,130.127,-26.855
0.294,-1.037,0.177,63.171,124.329,-25.818
0.299,-1.038,0.043,58.960,112.976,-24.536
0.263,-1.043,-0.014,44.373,99.182,-22.217
0.202,-1.000,-0.008,27.954,91.248,-20.020
0.153,-0.951,0.028,21.362,100.464,-19.226
0.134,-0.917,0.085,25.513,121.155,-20.752
0.131,-0.914,0.107,32.715,142.517,-23.621
0.110,-0.959,0.146,36.804,160.522,-25.513
0.096,-0.985,0.144,45.105,178.528,-28.809
0.103,-0.992,0.090,59.387,200.867,-33.752
0.175,-1.016,-0.019,73.853,225.525,-37.354
0.239,-1.056,-0.134,84.473,241.577,-38.940
0.243,-1.080,-0.165,82.214,242.065,-37.537
0.208,-1.065,-0.144,68.665,231.934,-33.936
0.132,-1.041,-0.139,54.626,216.980,-29.541
0.044,-1.038,-0.134,42.786,201.721,-26.123
0.020,-1.001,-0.107,31.799,192.749,-23.071
0.050,-0.985,-0.093,24.170,192.688,-20.081
0.088,-1.014,-0.111,21.057,194.580,-19.104
0.111,-1.025,-0.152,19.653,193.237,-20.142
0.114,-1.033,-0.150,18.127,190.918,-21.606
0.118,-1.053,-0.135,16.052,188.904,-22.705
0.109,-1.039,-0.109,13.916,185.669,-22.888
0.088,-1.014,-0.078,14.771,180.542,-21.729
0.089,-0.991,-0.083,15.564,173.523,-19.409
0.106,-1.005,-0.160,17.334,165.833,-16.113
0.095,-1.022,-0.247,19.836,156.433,-11.719
0.062,-0.976,-0.306,17.944,144.165,-8.179
0.027,-0.997,-0.296,12.390,136.414,-3.723
0.049,-1.041,-0.253,6.042,135.010,-1.526
0.101,-0.996,-0.157,0.610,138.733,-3.418
0.147,-0.990,-0.066,1.892,144.958,-7.263
0.149,-1.023,-0.051,8.484,148.987,-12.329
0.130,-1.032,-0.057,13.062,148.132,-16.418
0.116,-1.042,-0.096,18.005,144.775,-19.897
0.093,-1.037,-0.126,22.217,142.700,-22.095
0.042,-1.025,-0.152,25.391,141.968,-23.560
0.007,-0.999,-0.202,25.024,137.817,-22.156
0.024,-1.010,-0.199,19.043,130.981,-16.846
0.045,-1.018,-0.157,13.123,123.169,-11.719
0.054,-1.005,-0.115,9.155,114.197,-7.996
0.041,-0.996,-0.076,5.920,106.018,-6.104
0.035,-0.963,-0.043,5.676,101.135,-5.981
0.082,-0.994,-0.056,10.132,99.060,-6.226
0.106,-1.016,-0.115,15.076,96.008,-7.874
0.093,-1.042,-0.183,14.954,90.210,-11.414
0.035,-1.015,-0.211,10.376,86.426,-16.235
-0.071,-0.967,-0.195,5.615,88.684,-19.592
-0.105,-0.949,-0.193,5.066,95.642,-19.836
-0.084,-0.986,-0.210,10.010,108.154,-18.799
-0.045,-1.025,-0.250,17.883,122.437,-19.836
-0.029,-1.030,-0.272,22.766,133.667,-20.630
-0.036,-1.005,-0.275,24.719,139.404,-20.874
-0.032,-1.011,-0.250,25.635,140.015,-18.127
-0.015,-0.997,-0.205,26.062,137.695,-14.465
-0.009,-1.011,-0.175,25.696,130.615,-11.047
-0.000,-1.034,-0.192,24.292,119.690,-7.812
-0.010,-1.038,-0.205,17.883,110.962,-6.226
-0.052,-1.037,-0.221,13.000,104.309,-6.165
-0.100,-1.011,-0.212,8.240,99.731,-6.348
-0.116,-0.976,-0.183,1.648,99.487,-6.165
-0.116,-0.972,-0.182,-0.366,107.300,-6.226
-0.111,-0.994,-0.211,5.249,119.019,-7.996
-0.128,-0.986,-0.222,10.010,127.991,-10.437
-0.138,-0.981,-0.195,11.719,132.874,-12.146
-0.136,-0.984,-0.165,14.404,133.301,-11.475
-0.134,-1.003,-0.148,14.954,130.676,-9.155
-0.147,-1.017,-0.150,11.902,127.136,-6.836
-0.163,-1.012,-0.152,8.850,121.948,-5.127
-0.165,-1.000,-0.152,3.296,115.295,-2.686
-0.165,-0.997,-0.151,-2.319,108.704,0.854
-0.163,-0.988,-0.156,-7.324,102.295,3.662
-0.182,-0.972,-0.149,-11.658,96.069,5.920
-0.176,-0.967,-0.142,-16.846,93.384,8.179
-0.164,-0.992,-0.150,-18.616,95.154,8.911
-0.145,-0.997,-0.144,-18.494,97.656,8.545
-0.134,-0.983,-0.126,-19.653,97.473,8.911
-0.149,-0.974,-0.090,-21.362,93.933,10.437
-0.147,-0.953,-0.033,-22.400,90.759,12.817

1.090,-1.059,0.694,78.003,-880.249,258.850
1.319,-0.989,0.310,82.092,-943.237,285.889
1.575,-0.987,-0.280,86.487,-1003.174,299.866
1.750,-0.943,-0.635,81.726,-1035.339,286.316
1.729,-0.810,-0.683,53.345,-1030.090,238.464
1.416,-0.694,-0.732,42.358,-979.736,166.626
0.833,-0.755,-1.106,36.926,-882.385,88.684
-0.094,-0.646,-1.373,14.404,-736.023,19.836
-0.907,-0.639,-1.331,7.385,-547.729,-19.714
-0.976,-0.803,-0.785,25.757,-338.379,-27.588
-0.316,-0.994,0.003,54.382,-141.724,-15.503
0.521,-1.218,0.403,81.299,-14.954,-4.272
0.960,-1.368,0.326,88.135,-2.197,0.549
0.876,-1.272,0.079,54.016,-74.097,3.296
0.525,-1.042,-0.124,10.925,-154.846,8.728
0.236,-0.942,-0.188,-5.737,-188.599,16.541
0.141,-0.914,-0.164,-4.944,-168.884,20.142
0.135,-0.896,-0.056,0.671,-116.821,15.808
0.146,-0.911,0.056,10.071,-58.533,8.545
0.170,-0.913,0.081,15.442,-12.878,3.052
0.177,-0.966,0.057,16.479,22.339,-1.099
0.176,-1.001,-0.016,17.395,56.519,-8.789
0.150,-0.991,-0.049,15.198,92.407,-19.897
0.127,-0.927,0.003,15.259,134.705,-33.203
0.135,-0.926,0.031,25.330,179.382,-43.701
0.121,-0.975,-0.055,32.837,216.309,-47.974
0.180,-1.046,0.089,30.701,244.995,-53.223
0.217,-0.984,0.127,20.508,252.075,-59.509
0.232,-0.913,0.209,15.381,246.826,-61.707
0.204,-0.913,0.211,22.156,244.019,-61.951
0.167,-0.923,0.185,30.701,249.146,-63.782
0.141,-0.876,0.163,37.781,262.634,-67.627
0.150,-0.984,0.100,43.457,280.334,-70.068
0.201,-1.001,0.026,43.518,301.208,-76.477
0.250,-0.992,-0.032,45.410,321.594,-83.130
0.267,-1.015,-0.064,51.086,338.257,-88.989
0.318,-1.057,-0.054,58.533,349.548,-94.116
0.365,-1.036,-0.009,65.674,354.431,-98.816
0.392,-1.097,0.058,73.486,349.731,-101.196
0.273,-1.034,0.054,74.280,330.811,-102.295
0.188,-1.023,-0.021,71.716,301.697,-98.145
0.160,-1.049,-0.121,70.129,276.062,-91.736
0.116,-1.067,-0.184,72.937,264.160,-88.562
0.032,-1.071,-0.219,75.867,259.644,-87.341
-0.091,-1.065,-0.219,75.867,254.150,-85.388
-0.182,-1.039,-0.252,72.632,242.859,-79.041
-0.170,-1.052,-0.284,65.491,228.882,-67.200
-0.124,-1.054,-0.287,58.411,219.971,-56.091
-0.091,-1.034,-0.310,53.528,217.346,-48.889
-0.044,-1.066,-0.317,48.767,217.224,-44.067
0.010,-1.122,-0.294,40.161,213.806,-42.236
0.039,-1.114,-0.278,26.306,201.111,-42.603
0.010,-1.027,-0.266,11.108,178.162,-38.513
-0.067,-0.962,-0.250,0.427,148.315,-26.550
-0.115,-1.007,-0.222,-3.113,121.643,-11.658
-0.132,-1.016,-0.200,-6.165,104.736,-2.136
-0.102,-1.015,-0.155,-8.423,98.938,2.808
-0.093,-0.983,-0.125,-6.592,102.112,2.136
-0.078,-1.003,-0.093,-0.610,109.558,-0.061
-0.068,-1.026,-0.108,4.517,116.821,-3.052
-0.098,-0.913,-0.110,6.958,123.901,-7.019
-0.158,-0.915,-0.148,13.489,135.620,-5.615
-0.210,-1.016,-0.177,19.287,147.522,-3.235
-0.271,-1.011,-0.176,20.813,160.278,-5.188
-0.281,-0.963,-0.179,17.090,170.532,-4.028
-0.221,-0.942,-0.180,15.198,176.636,1.282
-0.150,-0.962,-0.175,17.883,180.420,6.348
-0.097,-1.026,-0.195,21.790,179.687,10.010
-0.081,-1.071,-0.210,18.860,173.767,11.658
-0.123,-1.063,-0.219,9.033,165.405,11.475
-0.201,-1.012,-0.197,-3.113,155.945,10.620
-0.235,-0.977,-0.172,-10.681,148.010,11.414
-0.187,-0.953,-0.143,-11.230,144.409,13.550
-0.106,-0.954,-0.091,-8.911,144.165,14.465
-0.065,-0.961,0.004,-8.423,143.860,14.343
-0.077,-0.959,0.054,-8.179,140.686,14.404
-0.080,-0.958,0.052,-4.333,137.329,13.794
-0.111,-0.969,-0.005,1.282,133.240,11.902
-0.148,-0.972,-0.075,4.028,127.930,11.292
-0.152,-0.970,-0.086,3.174,123.962,12.817
-0.152,-0.940,-0.082,-1.343,121.094,17.395
-0.112,-0.924,-0.065,-6.348,117.676,22.461
-0.052,-0.937,-0.007,-8.789,110.535,27.527
0.023,-1.013,0.023,-10.376,97.107,33.447
0.063,-1.064,0.002,-14.587,79.895,36.255
0.069,-1.072,-0.039,-14.526,66.589,32.532
0.045,-1.028,-0.067,-11.414,61.096,25.085
0.024,-1.001,-0.097,-8.728,60.059,19.226
0.001,-0.988,-0.124,-7.324,59.265,16.663
-0.010,-0.999,-0.151,-7.690,55.542,17.029
-0.002,-1.059,-0.168,-9.949,48.218,18.127
0.000,-1.085,-0.168,-14.893,42.419,18.433
0.007,-1.076,-0.156,-19.287,42.236,15.076
0.005,-1.083,-0.131,-21.667,45.227,9.338
0.001,-1.071,-0.097,-24.292,51.208,3.784
0.001,-1.057,-0.070,-25.757,60.242,-2.869
-0.001,-1.049,-0.045,-24.719,69.458,-9.155
-0.049,-1.063,-0.042,-24.475,74.585,-12.756
-0.091,-1.074,-0.037,-27.710,73.792,-13.123
-0.092,-1.043,-0.022,-32.104,68.298,-9.094
-0.080,-1.022,-0.013,-37.109,57.739,-2.441
-0.063,-1.009,0.017,-38.818,43.579,4.456
-0.036,-0.976,0.080,-36.255,30.640,10.071
-0.007,-0.982,0.131,-33.691,22.644,12.695
-0.006,-1.012,0.140,-32.227,20.386,9.888
-0.040,-0.985,0.120,-27.588,21.790,3.052
-0.093,-0.948,0.127,-20.813,24.170,-2.319
-0.129,-0.911,0.147,-17.151,25.635,-2.441
-0.114,-0.929,0.142,-12.512,25.024,0.671
-0.087,-0.970,0.130,-6.592,20.996,5.005
-0.088,-0.982,0.101,-3.235,14.587,9.155
-0.088,-0.994,0.088,-2.075,9.644,12.573
-0.092,-0.995,0.078,-2.869,7.935,13.733
-0.071,-0.999,0.061,-2.380,9.277,12.634
-0.041,-1.001,0.050,-0.122,12.817,9.827
-0.028,-1.006,0.056,2.075,15.137,6.958
-0.025,-1.013,0.040,3.967,15.137,4.761
-0.026,-1.018,0.022,5.249,15.198,2.625
-0.025,-1.008,0.036,4.578,16.296,0.183

0.924,-0.863,-1.528,93.323,-1000.427,111.755
0.583,-0.880,-1.870,54.626,-961.731,89.233
0.156,-0.943,-1.582,20.508,-849.548,55.969
-0.140,-0.940,-0.882,-7.568,-689.758,25.940
-0.231,-0.821,-0.238,-25.513,-523.071,7.080
-0.206,-0.663,0.183,-23.560,-374.756,-1.587
-0.110,-0.759,0.206,9.583,-249.695,-0.671
0.080,-0.969,0.028,43.640,-143.311,2.625
0.266,-1.131,-0.024,58.777,-58.838,3.235
0.454,-1.173,0.026,51.331,-11.169,2.747
0.571,-1.068,0.089,31.677,-2.869,3.113
0.532,-1.035,0.132,15.930,-21.790,6.409
0.414,-1.015,0.100,2.197,-52.002,12.329
0.293,-0.994,0.057,-10.559,-74.341,17.944
0.219,-1.030,0.047,-19.958,-71.594,19.165
0.142,-1.033,0.068,-29.297,-42.969,12.512
0.069,-1.002,0.113,-34.607,7.935,1.587
0.048,-1.028,0.144,-34.485,70.618,-8.301
0.012,-0.926,0.109,-40.527,126.526,-16.174
-0.006,-0.894,0.124,-42.725,190.796,-19.897
0.028,-0.872,0.019,-14.465,263.733,-27.222
0.095,-0.944,-0.008,9.399,341.614,-34.058
0.240,-1.001,-0.051,16.541,411.316,-39.185
0.455,-0.994,-0.083,15.869,463.745,-48.889
0.570,-0.979,-0.105,12.512,490.601,-58.655
0.579,-0.932,-0.109,5.188,493.591,-69.092
0.533,-0.939,-0.140,0.488,479.980,-81.055
0.514,-1.013,-0.177,2.808,460.571,-90.149
0.505,-1.037,-0.178,-2.625,438.782,-95.764
0.488,-1.040,-0.124,-8.728,414.001,-98.755
0.410,-1.019,-0.059,-6.409,389.709,-100.159
0.276,-1.013,-0.021,0.122,367.493,-100.464
0.138,-1.016,-0.037,6.653,348.022,-99.548
0.061,-1.003,-0.078,12.939,333.435,-95.337
0.041,-0.977,-0.101,18.494,326.233,-88.623
0.059,-0.988,-0.131,25.635,325.317,-81.482
0.075,-1.014,-0.199,31.311,326.050,-76.782
0.109,-1.056,-0.263,28.076,321.228,-73.730
0.122,-1.051,-0.272,16.357,308.899,-71.838
0.034,-0.964,-0.196,3.845,286.804,-65.735
-0.080,-0.970,-0.181,-2.136,252.258,-53.650
-0.130,-0.967,-0.149,-4.822,220.215,-46.265
-0.165,-0.986,-0.142,-2.380,200.745,-36.438
-0.195,-1.021,-0.180,-2.930,191.040,-27.771
-0.174,-1.015,-0.171,-3.296,188.904,-21.851
-0.159,-0.979,-0.135,-1.526,189.880,-16.663
-0.125,-0.979,-0.150,1.526,188.721,-10.193
-0.067,-1.021,-0.186,5.615,187.134,-5.432
-0.019,-1.096,-0.201,5.005,183.044,-5.249
-0.033,-1.067,-0.196,-2.991,174.133,-7.141
-0.057,-1.029,-0.179,-11.292,161.743,-6.714
-0.084,-0.979,-0.166,-14.709,152.527,-3.662
-0.078,-1.021,-0.125,-12.634,150.513,0.427
-0.067,-1.027,-0.118,-10.498,148.437,2.136
-0.111,-0.905,-0.102,-9.644,138.855,5.310
-0.185,-0.935,-0.103,-3.967,128.967,16.907
-0.189,-1.016,-0.157,-0.549,119.568,25.513
-0.118,-1.052,-0.136,1.648,119.690,25.879
-0.042,-1.037,-0.092,0.183,127.869,22.278
0.025,-1.048,-0.072,-0.366,133.972,16.174
0.046,-1.051,-0.103,-1.099,133.789,9.644
0.028,-1.034,-0.128,-4.211,130.005,3.906
-0.017,-0.994,-0.094,-8.057,126.526,-0.122
-0.034,-0.953,-0.055,-10.559,124.146,-2.136
-0.019,-0.950,-0.050,-8.057,123.962,-2.563
-0.035,-0.992,-0.062,-4.578,123.413,-2.197
-0.037,-1.020,-0.088,-4.089,119.568,-1.160
-0.035,-1.017,-0.104,-7.019,115.295,0.610
-0.024,-1.014,-0.096,-9.583,110.352,2.625
-0.039,-0.994,-0.067,-11.108,102.783,3.357
-0.019,-0.972,-0.022,-11.475,94.910,2.808
0.021,-0.971,0.011,-8.850,91.614,2.014
0.046,-0.995,-0.007,-5.432,91.431,-0.366
0.057,-1.016,-0.030,-3.296,89.966,-4.395
0.053,-1.017,-0.041,-2.686,85.266,-6.104
0.013,-1.017,-0.035,-2.625,77.759,-5.920
0.000,-1.001,-0.007,-2.747,69.702,-3.906
0.026,-1.002,0.019,-1.648,62.988,-1.526
0.052,-1.016,0.027,0.916,54.504,0.916
0.052,-1.017,0.026,2.930,42.236,3.784
0.019,-1.001,0.011,5.432,28.503,6.287
0.001,-0.996,-0.016,8.362,18.188,7.690
-0.005,-1.003,-0.042,10.803,12.390,7.874
-0.016,-1.021,-0.059,11.414,8.911,7.690
-0.066,-1.023,-0.110,10.498,8.179,6.897
-0.109,-1.008,-0.156,7.141,11.536,5.371
-0.109,-1.005,-0.160,2.014,17.212,5.249
-0.066,-1.017,-0.136,-2.563,21.362,5.249
-0.021,-1.041,-0.132,-4.089,23.621,4.150
0.005,-1.072,-0.108,-5.127,23.987,1.953
0.005,-1.052,-0.072,-7.263,22.095,-0.244
-0.008,-1.039,-0.070,-7.080,21.362,-1.770
-0.032,-1.052,-0.094,-6.042,21.484,-3.418
-0.062,-1.040,-0.111,-7.935,18.494,-2.686
-0.081,-1.026,-0.090,-10.925,13.489,0.366
-0.073,-1.005,-0.048,-13.184,11.414,2.930
-0.068,-1.013,-0.031,-13.062,12.695,3.113
-0.066,-1.015,-0.042,-12.146,16.602,0.916
-0.075,-1.013,-0.046,-12.573,21.973,-2.258
-0.078,-1.011,-0.034,-12.939,25.757,-4.883
-0.063,-1.009,-0.003,-12.695,26.611,-5.249
-0.051,-1.000,0.030,-11.902,25.391,-4.700
-0.044,-1.000,0.057,-9.949,22.034,-3.845
-0.037,-0.997,0.084,-7.568,17.456,-3.418
-0.034,-0.993,0.085,-4.578,11.780,-3.052
-0.048,-0.982,0.060,-2.258,5.432,-1.953
-0.073,-0.968,0.029,-0.549,-1.221,-0.122
-0.092,-0.975,0.002,1.160,-6.836,2.747
-0.095,-0.984,-0.016,1.648,-10.986,5.798
-0.097,-0.999,-0.023,1.709,-12.756,7.690
-0.099,-1.000,-0.018,1.404,-10.071,7.812
-0.077,-1.006,-0.020,1.892,-4.944,5.371
-0.046,-1.023,-0.035,3.052,3.174,1.648
-0.035,-1.044,-0.040,3.052,10.986,-2.319
-0.034,-1.044,-0.041,2.014,13.733,-4.578
-0.042,-1.030,-0.034,0.854,11.108,-4.395
-0.053,-1.011,-0.017,0.427,5.554,-2.258
-0.058,-1.010,-0.009,0.916,-0.488,0.244
-0.058,-1.026,-0.040,2.136,-5.432,2.502

0.890,-0.853,-0.806,92.163,-929.871,123.962
0.670,-0.969,-0.595,63.782,-851.318,86.914
0.327,-1.026,-0.349,19.226,-763.550,67.749
0.054,-0.845,-0.226,-28.442,-661.682,64.514
-0.030,-0.995,-0.124,-48.645,-547.607,65.186
0.114,-0.968,-0.190,-62.195,-430.237,62.683
0.146,-0.965,0.053,-58.960,-310.059,63.599
0.285,-0.992,0.255,-46.143,-212.830,59.998
0.440,-0.923,0.442,-24.658,-158.936,55.298
0.504,-0.893,0.508,-9.399,-143.188,53.345
0.472,-0.964,0.425,2.747,-140.320,49.622
0.444,-0.978,0.304,12.573,-132.202,42.114
0.419,-0.948,0.242,12.695,-111.511,33.752
0.396,-0.958,0.197,8.301,-82.520,26.123
0.355,-0.974,0.200,1.770,-51.941,18.250
0.319,-1.041,0.181,-12.939,-21.912,11.292
0.347,-1.103,0.238,-27.039,12.695,1.648
0.307,-0.907,0.258,-31.555,53.040,-11.169
0.261,-0.835,0.263,-22.217,94.727,-17.334
0.366,-0.948,0.397,-2.747,133.667,-21.057
0.401,-0.929,0.282,5.737,144.409,-24.658
0.410,-1.000,0.172,12.817,147.522,-29.114
0.360,-0.987,0.030,10.376,150.024,-36.560
0.288,-1.010,-0.038,1.648,158.020,-43.152
0.215,-1.029,-0.054,-8.545,174.316,-50.903
0.149,-0.930,-0.033,-18.188,203.125,-61.340
0.146,-0.942,-0.036,-22.766,239.746,-68.787
0.170,-0.892,0.006,-25.513,283.020,-77.759
0.211,-0.823,0.071,-24.231,329.956,-87.097
0.308,-0.844,0.153,-13.977,373.962,-94.788
0.448,-0.865,0.215,7.324,409.851,-102.783
0.530,-0.925,0.227,33.386,431.335,-111.267
0.526,-1.000,0.151,50.171,435.730,-117.737
0.496,-1.077,0.076,51.025,428.040,-121.643
0.427,-1.073,0.002,37.476,412.781,-123.291
0.378,-1.001,-0.005,24.658,397.827,-120.178
0.315,-0.947,0.007,20.142,386.108,-111.816
0.261,-0.939,-0.022,22.095,372.559,-100.281
0.226,-0.940,-0.051,20.935,355.225,-89.722
0.220,-0.916,-0.040,15.381,336.792,-82.092
0.283,-0.989,-0.012,23.254,319.580,-76.660
0.313,-1.040,-0.033,31.799,298.584,-74.280
0.311,-1.059,-0.063,27.893,272.644,-72.876
0.312,-1.025,-0.050,17.273,247.192,-71.838
0.274,-1.000,-0.016,13.123,227.112,-71.289
0.204,-1.009,0.005,14.404,210.205,-69.458
0.103,-1.032,-0.030,11.902,193.665,-64.209
-0.038,-0.928,-0.068,6.042,179.565,-54.810
-0.081,-1.042,-0.123,3.235,170.898,-38.757
-0.065,-1.007,-0.183,-3.235,169.128,-31.799
-0.022,-0.990,-0.185,-4.517,177.917,-25.513
0.002,-0.947,-0.162,-4.822,190.735,-22.217
0.039,-0.971,-0.117,-2.747,201.965,-22.766
0.064,-1.026,-0.083,1.953,210.144,-27.527
0.089,-1.034,-0.069,3.052,211.548,-33.752
0.116,-1.041,-0.082,1.282,204.224,-36.499
0.081,-0.994,-0.116,0.183,192.627,-36.621
-0.000,-1.005,-0.103,1.587,181.030,-32.654
-0.040,-1.030,-0.158,1.221,169.006,-26.123
-0.076,-0.928,-0.179,1.770,164.490,-21.545
-0.138,-0.934,-0.169,10.986,173.706,-13.123
-0.113,-1.027,-0.190,13.245,185.730,-5.676
-0.050,-1.037,-0.208,9.216,199.036,-5.066
0.010,-1.060,-0.208,5.432,208.252,-6.775
0.051,-1.068,-0.162,0.854,208.557,-9.827
0.087,-1.051,-0.106,-0.061,199.158,-13.550
0.066,-1.071,-0.109,-6.958,181.763,-11.353
0.047,-1.046,-0.082,-12.146,166.992,-8.850
0.027,-1.039,-0.056,-12.512,157.715,-8.179
0.024,-1.044,-0.013,-12.451,151.001,-8.789
0.017,-1.019,0.018,-11.780,144.531,-11.108
-0.017,-0.998,0.006,-8.972,135.681,-12.939
-0.059,-0.988,-0.036,-4.456,124.512,-12.390
-0.057,-1.007,-0.077,-0.977,113.464,-10.620
-0.031,-1.015,-0.100,-0.305,105.103,-8.789
-0.011,-1.011,-0.122,-1.160,103.027,-9.705
-0.001,-1.003,-0.130,-4.211,104.187,-12.268
-0.017,-0.988,-0.104,-9.460,105.225,-13.550
-0.035,-0.976,-0.075,-13.184,104.614,-14.404
-0.025,-1.000,-0.092,-13.062,103.882,-15.442
0.001,-1.042,-0.120,-12.329,103.027,-15.503
0.008,-1.046,-0.110,-14.648,97.229,-14.160
-0.003,-1.045,-0.096,-16.907,84.290,-13.000
-0.026,-1.050,-0.089,-17.578,70.190,-11.414
-0.057,-1.020,-0.062,-18.616,61.096,-9.583
-0.066,-1.007,-0.034,-18.799,59.082,-8.789
-0.026,-1.020,-0.031,-16.113,61.401,-9.277
0.006,-1.037,-0.039,-13.916,62.378,-10.742
-0.003,-1.030,-0.048,-14.954,58.838,-11.292
-0.046,-1.002,-0.051,-16.235,50.659,-9.827
-0.076,-0.987,-0.014,-16.907,41.321,-7.935
-0.082,-0.974,0.020,-15.991,35.339,-5.859
-0.064,-0.984,0.038,-12.878,33.752,-5.249
-0.054,-1.010,0.029,-9.277,33.875,-6.104
-0.064,-1.021,0.019,-7.629,32.471,-6.653
-0.082,-1.008,0.026,-7.019,30.701,-7.263
-0.091,-0.994,0.055,-6.287,29.968,-8.118
-0.086,-0.978,0.074,-3.967,31.128,-9.155
-0.062,-0.976,0.064,-0.122,31.433,-9.521
-0.067,-1.011,0.019,2.930,28.198,-8.484
-0.100,-1.004,-0.031,1.770,20.996,-5.188
-0.123,-0.984,-0.038,-0.793,11.902,-0.183
-0.133,-0.993,-0.010,-1.709,5.859,3.662
-0.114,-0.991,0.026,-1.953,6.592,4.883
-0.094,-1.000,0.048,-0.061,11.902,2.869
-0.078,-1.016,0.041,2.869,16.724,-0.977
-0.085,-1.027,0.014,5.432,18.982,-3.967
-0.094,-1.025,0.002,6.653,18.188,-4.883
-0.116,-1.001,-0.020,6.531,14.832,-4.028
-0.114,-0.998,-0.018,6.409,10.193,-1.404
-0.118,-1.003,-0.013,6.165,5.615,1.709
-0.126,-1.010,-0.014,5.127,1.648,4.333
-0.141,-1.011,-0.013,3.296,-2.319,6.897
-0.146,-1.005,-0.022,1.953,-5.188,9.521
-0.138,-1.006,-0.021,0.671,-5.737,10.925
-0.123,-1.006,-0.001,-0.610,-2.991,10.803
-0.114,-1.005,0.023,-1.648,1.221,9.583
-0.101,-0.997,0.052,-1.831,5.066,8.118
-0.067,-1.001,0.070,-0.366,9.033,6.165

0.091,-0.901,-1.746,34.546,-773.010,84.351
-0.202,-1.119,-1.165,-28.137,-629.456,66.040
-0.261,-1.152,0.024,-44.312,-428.284,52.063
0.111,-0.921,0.720,-35.339,-231.689,38.147
0.408,-0.855,0.876,-15.564,-94.360,41.748
0.652,-0.883,0.667,8.545,-23.926,45.898
0.809,-1.000,0.416,32.593,-2.197,36.865
0.820,-1.068,0.247,40.039,-7.690,22.034
0.733,-1.082,0.139,29.114,-20.813,9.644
0.578,-1.058,0.021,13.245,-25.391,-0.854
0.459,-1.120,-0.000,2.441,-9.521,-12.024
0.433,-1.138,0.215,-10.376,17.456,-23.682
0.359,-0.966,0.094,-26.550,38.086,-35.095
0.332,-1.110,0.190,-20.569,76.355,-45.471
0.273,-0.954,0.182,-10.132,138.306,-65.063
0.260,-0.842,0.238,-2.380,205.383,-79.407
0.275,-0.822,0.243,16.785,258.118,-84.290
0.304,-0.897,0.176,37.048,295.654,-85.815
0.341,-0.964,0.081,44.678,324.280,-87.585
0.376,-0.975,0.028,40.771,343.994,-91.309
0.417,-0.981,0.005,35.095,353.455,-95.032
0.437,-0.973,-0.016,28.931,354.858,-98.206
0.423,-0.972,-0.014,20.142,349.731,-98.877
0.358,-0.960,-0.026,9.521,337.952,-97.656
0.273,-0.904,-0.014,-0.366,320.984,-96.069
0.177,-0.880,0.008,-1.831,304.810,-94.421
0.125,-0.896,0.023,3.906,297.119,-91.858
0.064,-0.929,-0.034,12.329,298.462,-87.891
0.065,-0.973,-0.072,17.822,305.786,-84.534
0.085,-0.977,-0.045,21.118,319.702,-83.069
0.114,-0.986,-0.003,25.574,335.571,-83.252
0.131,-0.995,-0.005,30.823,344.910,-84.167
0.119,-0.907,-0.037,35.278,344.604,-85.632
0.116,-1.032,-0.121,38.513,337.097,-82.947
0.103,-1.041,-0.210,34.363,325.500,-82.153
0.095,-1.023,-0.268,25.085,316.284,-82.520
0.085,-0.999,-0.271,19.104,306.946,-80.872
0.047,-1.013,-0.253,15.198,293.213,-76.843
0.009,-1.051,-0.219,9.277,271.484,-72.327
-0.041,-1.043,-0.204,1.770,245.422,-67.200
-0.106,-1.041,-0.219,-5.310,218.140,-59.143
-0.137,-1.040,-0.206,-12.024,195.068,-49.255
-0.163,-0.982,-0.204,-15.381,180.969,-39.429
-0.150,-0.993,-0.202,-14.526,176.025,-29.358
-0.132,-0.989,-0.173,-11.841,176.697,-22.949
-0.115,-1.050,-0.154,-10.620,177.063,-18.921
-0.079,-1.063,-0.155,-10.864,175.842,-17.029
-0.082,-0.902,-0.111,-12.268,173.279,-17.395
-0.164,-0.950,-0.085,-5.676,171.936,-9.521
-0.170,-1.037,-0.117,-1.526,168.884,-1.221
-0.178,-1.014,-0.138,-1.343,169.434,-0.549
-0.230,-0.997,-0.100,-4.272,171.753,1.831
-0.259,-0.959,-0.095,-6.287,172.302,6.775
-0.258,-0.947,-0.160,-4.333,172.729,12.756
-0.238,-0.974,-0.213,-4.028,173.645,18.433
-0.182,-1.000,-0.193,-5.005,176.147,22.705
-0.088,-1.001,-0.135,-6.653,177.124,24.841
-0.013,-1.011,-0.057,-9.094,170.898,25.146
0.057,-1.038,0.016,-9.460,158.081,23.071
0.120,-1.058,0.057,-7.629,141.541,19.714
0.118,-1.065,0.048,-7.080,125.671,16.174
0.057,-1.058,0.017,-7.690,114.258,12.634
0.003,-1.004,0.004,-10.315,105.713,9.949
-0.027,-0.962,-0.003,-11.841,98.083,10.193
-0.029,-0.950,0.015,-10.376,92.407,11.475
-0.014,-0.959,0.033,-7.690,88.318,13.245
0.011,-0.967,0.029,-4.822,84.717,12.817
0.053,-0.985,0.041,-1.648,82.336,9.644
0.095,-0.999,0.039,1.587,82.214,5.432
0.108,-1.001,0.021,3.113,83.618,0.305
0.048,-1.006,-0.002,4.028,82.092,-4.150
-0.016,-0.999,-0.024,3.967,75.073,-5.493
-0.048,-0.987,-0.046,2.686,66.589,-3.479
-0.062,-0.998,-0.049,3.235,61.096,-0.061
-0.047,-1.008,-0.057,3.845,56.702,2.808
-0.030,-1.019,-0.059,4.333,50.659,5.432
-0.016,-1.028,-0.057,4.089,45.288,7.446
0.000,-1.035,-0.056,3.662,41.992,8.179
0.012,-1.026,-0.041,2.808,40.466,7.629
0.038,-1.015,-0.017,3.113,37.659,5.981
0.051,-1.015,-0.012,5.798,33.142,4.761
0.058,-1.025,-0.022,9.521,27.710,3.601
0.032,-1.035,-0.040,12.024,24.170,2.075
0.009,-1.020,-0.056,12.512,21.362,0.732
-0.017,-1.014,-0.095,12.573,18.738,0.427
-0.068,-1.025,-0.143,11.047,16.968,1.465
-0.063,-1.025,-0.147,6.897,15.991,3.479
-0.023,-1.028,-0.130,2.563,14.893,5.981
0.001,-1.038,-0.113,-0.183,13.550,7.080
0.003,-1.043,-0.073,-2.930,11.475,6.409
0.012,-1.022,-0.025,-4.517,9.949,4.700
0.003,-1.017,0.011,-3.601,9.766,2.625
-0.001,-1.011,0.021,-1.404,8.789,0.854
-0.012,-1.008,0.007,1.343,7.202,-0.427
-0.055,-1.017,-0.025,3.174,5.432,-0.916
-0.090,-1.012,-0.065,3.052,4.578,-0.977
-0.079,-1.007,-0.074,1.648,7.385,-0.061
-0.035,-1.027,-0.072,0.488,11.658,-0.366
-0.010,-1.037,-0.058,-0.732,12.207,-0.977
-0.020,-1.022,-0.022,-1.953,9.216,-1.526
-0.047,-1.002,0.006,-1.465,6.592,-2.380
-0.070,-0.990,-0.007,0.610,5.615,-2.686
-0.060,-1.005,-0.044,3.174,6.287,-2.563
-0.032,-1.027,-0.055,3.601,6.470,-2.014
0.001,-1.020,-0.022,2.563,4.517,-1.587
0.010,-1.006,0.012,2.136,1.892,-1.831
0.009,-0.998,0.030,3.784,0.977,-3.235
0.000,-1.000,0.022,6.226,-0.427,-4.395
-0.020,-1.001,-0.024,8.545,-4.150,-4.639
-0.059,-1.001,-0.074,8.606,-7.446,-4.272
-0.075,-1.006,-0.083,6.836,-9.033,-2.991
-0.051,-1.003,-0.066,4.517,-8.667,-2.014
-0.037,-1.015,-0.026,3.296,-7.507,-1.953
-0.065,-1.003,-0.012,3.052,-7.751,-2.136
-0.111,-1.012,-0.062,4.883,-7.812,-1.953
-0.115,-1.031,-0.088,5.371,-7.080,-1.038
-0.093,-1.022,-0.068,2.869,-6.714,1.038
-0.063,-1.024,-0.034,1.648,-6.226,2.014
-0.037,-1.021,-0.012,2.441,-6.104,1.526

1.317,-0.695,-0.616,104.065,-930.481,133.728
1.029,-0.606,-0.794,86.731,-908.936,107.422
0.656,-0.617,-0.941,68.298,-845.825,82.214
0.302,-0.804,-0.928,50.537,-756.775,66.833
0.021,-0.872,-0.742,16.357,-652.344,56.763
-0.094,-0.893,-0.519,-15.808,-531.982,47.852
-0.140,-0.905,-0.265,-27.466,-399.231,38.635
-0.085,-0.927,-0.027,-28.076,-270.691,31.982
0.172,-0.987,0.180,-23.987,-159.668,27.466
0.411,-0.974,0.286,-14.893,-85.449,23.010
0.513,-0.948,0.286,-10.071,-55.481,19.653
0.514,-0.946,0.264,-9.644,-56.030,18.799
0.443,-0.944,0.235,-8.972,-65.857,18.311
0.377,-0.962,0.186,-8.118,-68.909,18.005
0.282,-0.980,0.118,-8.179,-56.213,16.174
0.242,-1.040,0.087,-10.071,-23.926,10.132
0.278,-1.092,0.129,-17.578,22.583,-1.648
0.246,-1.020,0.147,-31.494,69.763,-13.733
0.319,-1.134,0.095,-34.363,136.292,-29.724
0.283,-0.787,0.176,-28.503,213.135,-55.115
0.315,-0.821,0.209,-3.113,290.894,-73.486
0.363,-0.963,0.096,17.578,359.924,-88.440
0.398,-1.000,-0.015,25.208,421.997,-105.652
0.461,-0.991,-0.039,24.475,476.624,-123.901
0.549,-0.947,0.017,24.170,516.235,-140.808
0.639,-0.958,0.026,26.733,535.339,-152.954
0.667,-0.981,0.001,25.208,535.522,-159.424
0.615,-0.964,-0.007,20.630,521.973,-160.461
0.500,-0.951,-0.001,12.878,498.108,-157.593
0.350,-0.936,-0.010,7.324,467.773,-153.015
0.221,-0.943,0.014,5.920,439.331,-146.851
0.115,-0.976,0.024,9.766,418.396,-136.536
0.064,-0.989,0.036,15.076,405.334,-125.061
0.067,-0.981,0.072,21.545,400.513,-116.699
0.061,-0.978,0.059,31.372,400.879,-114.075
0.088,-0.998,0.008,39.307,401.672,-113.037
0.109,-1.000,-0.034,43.579,401.550,-112.732
0.053,-1.012,-0.076,41.870,395.081,-112.305
-0.009,-0.986,-0.102,33.508,380.310,-108.826
-0.024,-0.966,-0.077,30.701,363.586,-102.783
-0.053,-0.944,-0.068,34.119,343.994,-93.506
-0.064,-1.041,-0.079,36.926,319.763,-78.918
-0.059,-1.036,-0.032,33.447,296.692,-67.993
-0.028,-1.030,-0.016,30.640,275.818,-58.350
-0.026,-1.036,-0.053,29.541,257.751,-53.284
-0.087,-1.034,-0.082,26.672,242.493,-51.758
-0.098,-1.044,-0.100,23.193,227.478,-49.011
-0.096,-1.001,-0.139,21.606,213.257,-44.800
-0.081,-1.028,-0.192,19.897,198.547,-39.551
-0.090,-1.082,-0.258,18.127,185.120,-36.560
-0.104,-1.068,-0.254,10.620,172.546,-36.133
-0.159,-1.052,-0.171,2.197,158.142,-32.959
-0.243,-0.977,-0.106,-3.052,141.235,-26.001
-0.281,-0.986,-0.070,-1.465,127.930,-15.442
-0.242,-1.043,-0.089,2.441,118.225,-7.019
-0.211,-0.907,-0.066,4.883,106.750,1.343
-0.196,-0.970,-0.071,13.367,92.773,15.381
-0.200,-1.066,-0.100,18.250,78.857,17.578
-0.167,-1.030,-0.081,14.954,70.007,15.991
-0.136,-0.978,-0.035,9.338,67.505,14.648
-0.120,-0.999,-0.005,10.437,69.031,11.597
-0.117,-1.003,-0.037,12.634,71.472,7.751
-0.118,-1.015,-0.083,12.024,71.777,5.676
-0.115,-0.994,-0.090,8.484,67.871,7.263
-0.098,-0.981,-0.054,5.737,57.251,11.292
-0.083,-0.974,-0.021,5.554,42.053,17.212
-0.057,-0.996,-0.020,8.118,26.855,21.301
0.001,-1.017,-0.039,11.353,17.700,21.179
0.025,-1.029,-0.044,11.963,15.930,17.395
-0.012,-1.011,-0.069,11.536,15.686,12.146
-0.071,-1.000,-0.125,10.315,15.564,8.179
-0.114,-0.996,-0.156,8.850,18.005,5.554
-0.136,-1.000,-0.175,5.981,21.667,4.578
-0.127,-1.003,-0.174,2.869,23.254,5.310
-0.103,-1.008,-0.151,-0.244,21.545,7.202
-0.086,-1.016,-0.143,-1.648,17.273,8.423
-0.093,-1.013,-0.121,-2.808,13.428,8.972
-0.097,-1.004,-0.093,-2.808,12.268,8.118
-0.084,-1.015,-0.091,-1.892,13.245,6.470
-0.097,-1.033,-0.093,-1.343,13.794,5.005
-0.115,-1.010,-0.086,-2.319,12.573,4.944
-0.131,-0.997,-0.068,-3.235,9.766,6.348
-0.112,-0.997,-0.058,-2.563,4.700,8.850
-0.100,-1.000,-0.047,-1.831,-1.038,11.108
-0.096,-0.997,-0.041,-1.465,-5.554,12.268
-0.081,-0.997,-0.056,-0.671,-6.775,11.780
-0.069,-1.001,-0.074,-0.671,-5.188,10.315
-0.070,-1.003,-0.093,-1.343,-3.174,7.996
-0.089,-1.004,-0.111,-2.441,-0.916,6.042
-0.107,-0.997,-0.101,-4.517,1.526,4.333
-0.120,-0.993,-0.073,-5.249,3.296,3.723
-0.130,-0.995,-0.055,-4.639,3.540,3.906
-0.121,-1.003,-0.066,-2.747,2.930,4.822
-0.116,-1.031,-0.083,-1.526,2.319,5.798
-0.100,-1.024,-0.101,-1.648,1.404,6.409
-0.095,-1.022,-0.091,-2.258,-0.122,7.080
-0.090,-1.012,-0.069,-2.502,-0.427,7.202
-0.090,-0.999,-0.050,-2.197,0.671,6.042
-0.103,-1.002,-0.083,-0.488,3.113,4.211
-0.129,-1.005,-0.114,-0.610,6.775,2.380
-0.125,-0.998,-0.105,-1.953,9.033,2.502
-0.123,-1.001,-0.082,-2.991,8.789,3.845
-0.110,-1.006,-0.050,-3.357,6.775,5.310
-0.098,-1.002,-0.026,-2.686,3.906,6.592
-0.080,-0.994,-0.008,-0.610,2.075,6.409
-0.065,-1.009,-0.007,2.991,1.282,5.737
-0.089,-1.006,-0.054,4.944,0.488,4.822
-0.115,-0.993,-0.082,4.272,-0.488,4.028
-0.110,-0.993,-0.090,3.723,-0.488,4.211
-0.087,-0.997,-0.076,2.869,1.404,4.333
-0.067,-1.001,-0.061,2.380,2.869,3.967
-0.068,-1.005,-0.066,2.808,2.319,3.418
-0.087,-1.014,-0.079,3.784,1.404,3.113
-0.092,-1.006,-0.070,2.563,-0.122,3.601
-0.078,-1.000,-0.047,2.502,-1.160,4.517
-0.072,-1.003,-0.048,3.418,-1.343,4.700
-0.068,-1.013,-0.068,4.639,-1.587,4.150
-0.074,-1.024,-0.084,4.578,-1.038,3.235
-0.062,-1.013,-0.079,3.357,0.305,2.136

